-- phpMyAdmin SQL Dump
-- version 4.1.9
-- http://www.phpmyadmin.net
--
-- Host: localhost:8889
-- Generation Time: Sep 29, 2015 at 06:33 PM
-- Server version: 5.5.34
-- PHP Version: 5.5.10

SET SQL_MODE = "NO_AUTO_VALUE_ON_ZERO";
SET time_zone = "+00:00";

--
-- Database: `fits`
--

-- --------------------------------------------------------

--
-- Table structure for table `fare_mileage_bands`
--

CREATE TABLE `fare_mileage_bands` (
  `id` int(11) NOT NULL AUTO_INCREMENT,
  `fare_structure_id` int(11) NOT NULL,
  `mile_1` double DEFAULT NULL,
  `mile_2` double DEFAULT NULL,
  `type` varchar(20) DEFAULT NULL,
  `charge` double DEFAULT NULL,
  PRIMARY KEY (`id`)
) ENGINE=InnoDB  DEFAULT CHARSET=latin1 AUTO_INCREMENT=235 ;

--
-- Dumping data for table `fare_mileage_bands`
--

INSERT INTO `fare_mileage_bands` (`id`, `fare_structure_id`, `mile_1`, `mile_2`, `type`, `charge`) VALUES
(12, 42, 0, 3, 'flat rate', 10),
(13, 42, 3, 5, 'flat rate', 5),
(14, 42, 5, 10, 'flat rate', 3),
(15, 44, 0, 1, 'flat rate', 7),
(16, 44, 1, 100, 'fare per mile', 0.7),
(17, 45, 0, 2, 'flat rate', 1.5),
(18, 45, 2, 5, 'fare per mile', 0.6),
(19, 45, 5, 15, 'fare per mile', 0.2),
(20, 45, 15, 100, 'flat rate', 5.5),
(21, 46, 0, 2, 'flat rate', 1.55),
(22, 46, 2, 13, 'fare per mile', 0.6),
(23, 46, 13, 100, 'flat rate', 7.1),
(24, 47, 0, 2, 'flat rate', 1.55),
(25, 47, 2, 13, 'fare per mile', 0.6),
(26, 47, 13, 100, 'flat rate', 7.1),
(27, 48, 0, 2, 'flat rate', 1.55),
(28, 48, 2, 13, 'fare per mile', 0.6),
(29, 48, 13, 100, 'flat rate', 7.1),
(33, 50, 0, 2, 'flat rate', 1.55),
(34, 50, 2, 13, 'fare per mile', 0.6),
(35, 50, 13, 100, 'flat rate', 7.1),
(36, 51, 0, 1, 'flat rate', 5),
(37, 51, 2, 10, 'fare per mile', 0.7),
(38, 63, 0, 20, 'fare per mile', 0.45),
(176, 67, 0, 1, 'flat rate', 2),
(177, 67, 1, 2, 'flat rate', 2),
(178, 67, 2, 3, 'flat rate', 3),
(179, 67, 3, 4, 'flat rate', 5),
(191, 69, 0, 1, 'flat rate', 0),
(215, 68, 0, 1, 'flat rate', 0),
(216, 68, 1, 2, 'flat rate', 2),
(217, 68, 2, 3, 'flat rate', 5),
(232, 49, 0, 2, 'flat rate', 1.55),
(233, 49, 2, 13, 'fare per mile', 0.6),
(234, 49, 13, 100, 'flat rate', 7.5);

-- --------------------------------------------------------

--
-- Table structure for table `fare_structure`
--

CREATE TABLE `fare_structure` (
  `id` int(11) NOT NULL AUTO_INCREMENT,
  `operator_id` int(11) NOT NULL,
  `charge_standard_fare` tinyint(4) NOT NULL,
  `return_fare_multiplier` double DEFAULT NULL,
  `discount_for_over60` double DEFAULT NULL,
  `discount_for_under16` double DEFAULT NULL,
  `has_escort` bit(1) DEFAULT NULL,
  `charge_for_dead_mileage` bit(1) DEFAULT NULL,
  `fare_structure_radioBtns` varchar(5) DEFAULT NULL,
  `how_charge_radioBtns` varchar(5) DEFAULT NULL,
  `discount_for_other_concessionary` double DEFAULT NULL,
  PRIMARY KEY (`id`)
) ENGINE=InnoDB  DEFAULT CHARSET=latin1 AUTO_INCREMENT=70 ;

--
-- Dumping data for table `fare_structure`
--

INSERT INTO `fare_structure` (`id`, `operator_id`, `charge_standard_fare`, `return_fare_multiplier`, `discount_for_over60`, `discount_for_under16`, `has_escort`, `charge_for_dead_mileage`, `fare_structure_radioBtns`, `how_charge_radioBtns`, `discount_for_other_concessionary`) VALUES
(42, 36, 0, 2, 33, 33, '\0', '\0', '1', '0', 33),
(43, 37, 0, 1, 0, 7, '\0', '', '1', '0', 0),
(44, 38, 0, 0, 0, 0, '\0', '', '0', '2', 0),
(45, 39, 0, 1.8, 100, 50, '\0', '\0', '0', '0', 50),
(46, 40, 0, 2, 100, 50, '', '\0', '0', '0', 50),
(47, 41, 0, 2, 100, 50, '', '\0', '0', '0', 50),
(48, 42, 0, 2, 100, 50, '', '\0', '0', '0', 0),
(49, 43, 0, 2, 100, 50, '', '\0', '0', '0', 0),
(50, 44, 0, 2, 100, 50, '', '\0', '0', '0', 0),
(51, 45, 0, 2, 30, 30, '\0', '\0', '0', '0', 30),
(52, 53, 0, 0, 0, 0, '\0', '\0', '1', '0', 0),
(53, 54, 0, 0, 0, 0, '\0', '\0', '1', '0', 0),
(54, 55, 0, 0, 0, 0, '\0', '\0', '1', '0', 0),
(55, 56, 0, 0, 0, 0, '\0', '\0', '1', '0', 0),
(56, 57, 0, 0, 0, 0, '\0', '\0', '1', '0', 0),
(57, 58, 0, 0, 0, 0, '\0', '\0', '1', '0', 0),
(58, 59, 0, 0, 0, 0, '\0', '\0', '1', '0', 0),
(59, 60, 0, 0, 0, 0, '\0', '\0', '1', '0', 0),
(60, 61, 0, 0, 0, 0, '\0', '\0', '1', '0', 0),
(61, 62, 0, 0, 0, 0, '\0', '\0', '1', '0', 0),
(62, 63, 0, 0, 0, 0, '\0', '\0', '1', '0', 0),
(63, 64, 0, 2, 0, 0, '\0', '\0', '0', '2', 0),
(64, 65, 0, 0, 0, 0, '\0', '\0', '1', '0', 0),
(65, 66, 0, 0, 0, 0, '\0', '\0', '1', '0', 0),
(66, 67, 0, 0, 0, 0, '\0', '\0', '1', '0', 0),
(67, 68, 0, 0, 0, 0, '\0', '\0', '0', '0', 0),
(68, 69, 0, 1, 3, 3, '\0', '\0', '1', '0', 6),
(69, 70, 0, 0, 0, 0, '\0', '\0', '0', '0', 0);

-- --------------------------------------------------------

--
-- Table structure for table `operating_area`
--

CREATE TABLE `operating_area` (
  `id` int(11) NOT NULL AUTO_INCREMENT,
  `operator_id` int(11) NOT NULL,
  `json` text,
  `kml` text,
  PRIMARY KEY (`id`)
) ENGINE=InnoDB  DEFAULT CHARSET=latin1 AUTO_INCREMENT=198 ;

--
-- Dumping data for table `operating_area`
--

INSERT INTO `operating_area` (`id`, `operator_id`, `json`, `kml`) VALUES
(35, 36, '{"zoom":9,"tilt":0,"mapTypeId":"roadmap","center":{"lat":57.712031118130774,"lng":-3.541387217941827},"overlays":[{"type":"polygon","title":"Catchment area","content":"","paths":[[{"lat":"57.722045989620035","lng":"-3.4274597000330687"},{"lat":"57.732311777437864","lng":"-3.2379455398768187"},{"lat":"57.708842839387","lng":"-2.9605407547205687"},{"lat":"57.71617851737256","lng":"-2.7188415359705687"},{"lat":"57.722045989620035","lng":"-2.3535461258143187"},{"lat":"57.723512709063286","lng":"-2.1475524734705687"},{"lat":"57.717645474608496","lng":"-1.9662780594080687"},{"lat":"57.542659756880454","lng":"-1.9937438797205687"},{"lat":"57.34905201942488","lng":"-3.1747741531580687"},{"lat":"57.44672293875049","lng":"-3.3835143875330687"},{"lat":"57.60451570573284","lng":"-3.4576721023768187"}]]},{"type":"polygon","title":"Destination outwith the catchment area","content":"","paths":[[{"lat":"57.60451572818631","lng":"-3.8257141783833504"},{"lat":"57.566236345932246","lng":"-3.8312073424458504"},{"lat":"57.57507362454562","lng":"-3.7131043151021004"}]]}]}', '<?xml version="1.0" encoding="UTF-8" ?>\r\n<kml xmlns="http://www.opengis.net/kml/2.2">\r\n  <Document>\r\n    <Placemark>\r\n      <name><![CDATA[Catchment area]]></name>\r\n      <description><![CDATA[]]></description>\r\n      <Polygon>\r\n        <extrude>1</extrude>\r\n        <altitudeMode>relativeToGround</altitudeMode>\r\n        <outerBoundaryIs>\r\n          <LinearRing>\r\n            <coordinates>\r\n              -3.4274597000330687,57.722045989620035,0\r\n              -3.2379455398768187,57.732311777437864,0\r\n              -2.9605407547205687,57.708842839387,0\r\n              -2.7188415359705687,57.71617851737256,0\r\n              -2.3535461258143187,57.722045989620035,0\r\n              -2.1475524734705687,57.723512709063286,0\r\n              -1.9662780594080687,57.717645474608496,0\r\n              -1.9937438797205687,57.542659756880454,0\r\n              -3.1747741531580687,57.34905201942488,0\r\n              -3.3835143875330687,57.44672293875049,0\r\n              -3.4576721023768187,57.60451570573284,0\r\n            </coordinates>\r\n          </LinearRing>\r\n        </outerBoundaryIs>\r\n      </Polygon>\r\n    </Placemark>\r\n    <Placemark>\r\n      <name><![CDATA[Destination outwith the catchment area]]></name>\r\n      <description><![CDATA[]]></description>\r\n      <Polygon>\r\n        <extrude>1</extrude>\r\n        <altitudeMode>relativeToGround</altitudeMode>\r\n        <outerBoundaryIs>\r\n          <LinearRing>\r\n            <coordinates>\r\n              -3.8257141783833504,57.60451572818631,0\r\n              -3.8312073424458504,57.566236345932246,0\r\n              -3.7131043151021004,57.57507362454562,0\r\n            </coordinates>\r\n          </LinearRing>\r\n        </outerBoundaryIs>\r\n      </Polygon>\r\n    </Placemark>\r\n  </Document>\r\n</kml>'),
(37, 38, '{"zoom":10,"tilt":0,"mapTypeId":"roadmap","center":{"lat":57.61562391374733,"lng":-3.0741119384765625},"overlays":[{"type":"polygon","title":"Catchment area","content":"","fillColor":"#0000ff","fillOpacity":0.24609375,"strokeColor":"#000000","strokeOpacity":0.99609375,"strokeWeight":1,"paths":[[{"lat":"57.661932761103536","lng":"-3.3432769775390625"},{"lat":"57.647237938677804","lng":"-3.35906982421875"},{"lat":"57.58140567442557","lng":"-3.234100341796875"},{"lat":"57.55231326770647","lng":"-3.140716552734375"},{"lat":"57.5220914920081","lng":"-2.9168701171875"},{"lat":"57.53462551320812","lng":"-2.8516387939453125"},{"lat":"57.556733864952214","lng":"-2.8255462646484375"},{"lat":"57.6034856434917","lng":"-2.7980804443359375"},{"lat":"57.68066002977235","lng":"-2.7898406982421875"},{"lat":"57.68304614367449","lng":"-2.7925872802734375"},{"lat":"57.70212940067202","lng":"-2.789154052734375"},{"lat":"57.7068986445324","lng":"-2.801513671875"},{"lat":"57.7089162124802","lng":"-2.84820556640625"},{"lat":"57.68139423539569","lng":"-3.0919647216796875"},{"lat":"57.66376919548108","lng":"-3.316497802734375"},{"lat":"57.661932761103536","lng":"-3.3432769775390625"}]]}]}', '<?xml version="1.0" encoding="UTF-8" ?><kml xmlns="http://www.opengis.net/kml/2.2">  <Document>    <Placemark>      <name><![CDATA[Catchment area]]></name>      <description><![CDATA[]]></description>      <Polygon>        <extrude>1</extrude>        <altitudeMode>relativeToGround</altitudeMode>        <outerBoundaryIs>          <LinearRing>            <coordinates>              -3.3432769775390625,57.661932761103536,0              -3.35906982421875,57.647237938677804,0              -3.234100341796875,57.58140567442557,0              -3.140716552734375,57.55231326770647,0              -2.9168701171875,57.5220914920081,0              -2.8516387939453125,57.53462551320812,0              -2.8255462646484375,57.556733864952214,0              -2.7980804443359375,57.6034856434917,0              -2.7898406982421875,57.68066002977235,0              -2.7925872802734375,57.68304614367449,0              -2.789154052734375,57.70212940067202,0              -2.801513671875,57.7068986445324,0              -2.84820556640625,57.7089162124802,0              -3.0919647216796875,57.68139423539569,0              -3.316497802734375,57.66376919548108,0              -3.3432769775390625,57.661932761103536,0            </coordinates>          </LinearRing>        </outerBoundaryIs>      </Polygon>    </Placemark>    <Placemark>      <name><![CDATA[Catchment area]]></name>      <description><![CDATA[]]></description>      <Polygon>        <extrude>1</extrude>        <altitudeMode>relativeToGround</altitudeMode>        <outerBoundaryIs>          <LinearRing>            <coordinates>              -3.3432769775390625,57.661932761103536,0              -3.35906982421875,57.647237938677804,0              -3.234100341796875,57.58140567442557,0              -3.140716552734375,57.55231326770647,0              -2.9168701171875,57.5220914920081,0              -2.8516387939453125,57.53462551320812,0              -2.8255462646484375,57.556733864952214,0              -2.7980804443359375,57.6034856434917,0              -2.7898406982421875,57.68066002977235,0              -2.7925872802734375,57.68304614367449,0              -2.789154052734375,57.70212940067202,0              -2.801513671875,57.7068986445324,0              -2.84820556640625,57.7089162124802,0              -3.0919647216796875,57.68139423539569,0              -3.316497802734375,57.66376919548108,0              -3.3432769775390625,57.661932761103536,0            </coordinates>          </LinearRing>        </outerBoundaryIs>      </Polygon>    </Placemark>    <Placemark>      <name><![CDATA[Catchment area]]></name>      <description><![CDATA[]]></description>      <Polygon>        <extrude>1</extrude>        <altitudeMode>relativeToGround</altitudeMode>        <outerBoundaryIs>          <LinearRing>            <coordinates>              -3.3432769775390625,57.661932761103536,0              -3.35906982421875,57.647237938677804,0              -3.234100341796875,57.58140567442557,0              -3.140716552734375,57.55231326770647,0              -2.9168701171875,57.5220914920081,0              -2.8516387939453125,57.53462551320812,0              -2.8255462646484375,57.556733864952214,0              -2.7980804443359375,57.6034856434917,0              -2.7898406982421875,57.68066002977235,0              -2.7925872802734375,57.68304614367449,0              -2.789154052734375,57.70212940067202,0              -2.801513671875,57.7068986445324,0              -2.84820556640625,57.7089162124802,0              -3.0919647216796875,57.68139423539569,0              -3.316497802734375,57.66376919548108,0              -3.3432769775390625,57.661932761103536,0            </coordinates>          </LinearRing>        </outerBoundaryIs>      </Polygon>    </Placemark>  </Document></kml>'),
(38, 39, '{"zoom":10,"tilt":0,"mapTypeId":"roadmap","center":{"lat":57.619669103088896,"lng":-2.5333786010742188},"overlays":[{"type":"polygon","title":"Catchment area","content":"","fillColor":"#0000ff","fillOpacity":0.24609375,"strokeColor":"#000000","strokeOpacity":0.99609375,"strokeWeight":1,"paths":[[{"lat":"57.69240553526457","lng":"-2.7685546875"},{"lat":"57.629963916724314","lng":"-2.775421142578125"},{"lat":"57.602014062545535","lng":"-2.7472686767578125"},{"lat":"57.57514724603766","lng":"-2.6992034912109375"},{"lat":"57.54826058225397","lng":"-2.65045166015625"},{"lat":"57.544207445951805","lng":"-2.618865966796875"},{"lat":"57.56492896950416","lng":"-2.5872802734375"},{"lat":"57.57873677041636","lng":"-2.52685546875"},{"lat":"57.58278606520832","lng":"-2.4616241455078125"},{"lat":"57.59456326992429","lng":"-2.39501953125"},{"lat":"57.59612714310655","lng":"-2.300262451171875"},{"lat":"57.694974357167204","lng":"-2.2913360595703125"},{"lat":"57.69240553526457","lng":"-2.7685546875"}]]}]}', '<?xml version="1.0" encoding="UTF-8" ?><kml xmlns="http://www.opengis.net/kml/2.2">  <Document>    <Placemark>      <name><![CDATA[Catchment area]]></name>      <description><![CDATA[]]></description>      <Polygon>        <extrude>1</extrude>        <altitudeMode>relativeToGround</altitudeMode>        <outerBoundaryIs>          <LinearRing>            <coordinates>              -2.7685546875,57.69240553526457,0              -2.775421142578125,57.629963916724314,0              -2.7472686767578125,57.602014062545535,0              -2.6992034912109375,57.57514724603766,0              -2.65045166015625,57.54826058225397,0              -2.618865966796875,57.544207445951805,0              -2.5872802734375,57.56492896950416,0              -2.52685546875,57.57873677041636,0              -2.4616241455078125,57.58278606520832,0              -2.39501953125,57.59456326992429,0              -2.300262451171875,57.59612714310655,0              -2.2913360595703125,57.694974357167204,0              -2.7685546875,57.69240553526457,0            </coordinates>          </LinearRing>        </outerBoundaryIs>      </Polygon>    </Placemark>    <Placemark>      <name><![CDATA[Catchment area]]></name>      <description><![CDATA[]]></description>      <Polygon>        <extrude>1</extrude>        <altitudeMode>relativeToGround</altitudeMode>        <outerBoundaryIs>          <LinearRing>            <coordinates>              -2.7685546875,57.69240553526457,0              -2.775421142578125,57.629963916724314,0              -2.7472686767578125,57.602014062545535,0              -2.6992034912109375,57.57514724603766,0              -2.65045166015625,57.54826058225397,0              -2.618865966796875,57.544207445951805,0              -2.5872802734375,57.56492896950416,0              -2.52685546875,57.57873677041636,0              -2.4616241455078125,57.58278606520832,0              -2.39501953125,57.59456326992429,0              -2.300262451171875,57.59612714310655,0              -2.2913360595703125,57.694974357167204,0              -2.7685546875,57.69240553526457,0            </coordinates>          </LinearRing>        </outerBoundaryIs>      </Polygon>    </Placemark>    <Placemark>      <name><![CDATA[Catchment area]]></name>      <description><![CDATA[]]></description>      <Polygon>        <extrude>1</extrude>        <altitudeMode>relativeToGround</altitudeMode>        <outerBoundaryIs>          <LinearRing>            <coordinates>              -2.7685546875,57.69240553526457,0              -2.775421142578125,57.629963916724314,0              -2.7472686767578125,57.602014062545535,0              -2.6992034912109375,57.57514724603766,0              -2.65045166015625,57.54826058225397,0              -2.618865966796875,57.544207445951805,0              -2.5872802734375,57.56492896950416,0              -2.52685546875,57.57873677041636,0              -2.4616241455078125,57.58278606520832,0              -2.39501953125,57.59456326992429,0              -2.300262451171875,57.59612714310655,0              -2.2913360595703125,57.694974357167204,0              -2.7685546875,57.69240553526457,0            </coordinates>          </LinearRing>        </outerBoundaryIs>      </Polygon>    </Placemark>  </Document></kml>'),
(39, 40, '{"zoom":11,"tilt":0,"mapTypeId":"roadmap","center":{"lat":57.66661548502726,"lng":-2.9448509216308594},"overlays":[{"type":"polygon","title":"","content":"","fillColor":"#000000","fillOpacity":0.3,"strokeColor":"#000000","strokeOpacity":0.9,"strokeWeight":3,"paths":[[{"lat":"21.329035778926478","lng":"73.46008301171878"},{"lat":"21.40065516914794","lng":"78.30505371484378"},{"lat":"20.106233605369603","lng":"77.37121582421878"},{"lat":"20.14749530904506","lng":"72.65808105859378"}]]},{"type":"polygon","title":"Catchment area","content":"","fillColor":"#0000ff","fillOpacity":0.24609375,"strokeColor":"#000000","strokeOpacity":0.99609375,"strokeWeight":1,"paths":[[{"lat":"57.61672719186583","lng":"-3.0881881713867188"},{"lat":"57.64540066740663","lng":"-2.8296661376953125"},{"lat":"57.68359676303727","lng":"-2.8004837036132812"},{"lat":"57.688368447125875","lng":"-2.7953338623046875"},{"lat":"57.69460739376101","lng":"-2.7953338623046875"},{"lat":"57.716435248134204","lng":"-2.8073501586914062"},{"lat":"57.712584229838065","lng":"-2.8461456298828125"},{"lat":"57.678273758787924","lng":"-3.0943679809570312"},{"lat":"57.61672719186583","lng":"-3.0881881713867188"}]]}]}', '<?xml version="1.0" encoding="UTF-8" ?><kml xmlns="http://www.opengis.net/kml/2.2">  <Document>    <Placemark>      <name><![CDATA[Catchment area]]></name>      <description><![CDATA[]]></description>      <Polygon>        <extrude>1</extrude>        <altitudeMode>relativeToGround</altitudeMode>        <outerBoundaryIs>          <LinearRing>            <coordinates>              -3.0881881713867188,57.61672719186583,0              -2.8296661376953125,57.64540066740663,0              -2.8004837036132812,57.68359676303727,0              -2.7953338623046875,57.688368447125875,0              -2.7953338623046875,57.69460739376101,0              -2.8073501586914062,57.716435248134204,0              -2.8461456298828125,57.712584229838065,0              -3.0943679809570312,57.678273758787924,0              -3.0881881713867188,57.61672719186583,0            </coordinates>          </LinearRing>        </outerBoundaryIs>      </Polygon>    </Placemark>    <Placemark>      <name><![CDATA[]]></name>      <description><![CDATA[]]></description>      <Polygon>        <extrude>1</extrude>        <altitudeMode>relativeToGround</altitudeMode>        <outerBoundaryIs>          <LinearRing>            <coordinates>              73.46008301171878,21.329035778926478,0              78.30505371484378,21.40065516914794,0              77.37121582421878,20.106233605369603,0              72.65808105859378,20.14749530904506,0            </coordinates>          </LinearRing>        </outerBoundaryIs>      </Polygon>    </Placemark>    <Placemark>      <name><![CDATA[Catchment area]]></name>      <description><![CDATA[]]></description>      <Polygon>        <extrude>1</extrude>        <altitudeMode>relativeToGround</altitudeMode>        <outerBoundaryIs>          <LinearRing>            <coordinates>              -3.0881881713867188,57.61672719186583,0              -2.8296661376953125,57.64540066740663,0              -2.8004837036132812,57.68359676303727,0              -2.7953338623046875,57.688368447125875,0              -2.7953338623046875,57.69460739376101,0              -2.8073501586914062,57.716435248134204,0              -2.8461456298828125,57.712584229838065,0              -3.0943679809570312,57.678273758787924,0              -3.0881881713867188,57.61672719186583,0            </coordinates>          </LinearRing>        </outerBoundaryIs>      </Polygon>    </Placemark>    <Placemark>      <name><![CDATA[]]></name>      <description><![CDATA[]]></description>      <Polygon>        <extrude>1</extrude>        <altitudeMode>relativeToGround</altitudeMode>        <outerBoundaryIs>          <LinearRing>            <coordinates>              73.46008301171878,21.329035778926478,0              78.30505371484378,21.40065516914794,0              77.37121582421878,20.106233605369603,0              72.65808105859378,20.14749530904506,0            </coordinates>          </LinearRing>        </outerBoundaryIs>      </Polygon>    </Placemark>    <Placemark>      <name><![CDATA[Catchment area]]></name>      <description><![CDATA[]]></description>      <Polygon>        <extrude>1</extrude>        <altitudeMode>relativeToGround</altitudeMode>        <outerBoundaryIs>          <LinearRing>            <coordinates>              -3.0881881713867188,57.61672719186583,0              -2.8296661376953125,57.64540066740663,0              -2.8004837036132812,57.68359676303727,0              -2.7953338623046875,57.688368447125875,0              -2.7953338623046875,57.69460739376101,0              -2.8073501586914062,57.716435248134204,0              -2.8461456298828125,57.712584229838065,0              -3.0943679809570312,57.678273758787924,0              -3.0881881713867188,57.61672719186583,0            </coordinates>          </LinearRing>        </outerBoundaryIs>      </Polygon>    </Placemark>    <Placemark>      <name><![CDATA[]]></name>      <description><![CDATA[]]></description>      <Polygon>        <extrude>1</extrude>        <altitudeMode>relativeToGround</altitudeMode>        <outerBoundaryIs>          <LinearRing>            <coordinates>              73.46008301171878,21.329035778926478,0              78.30505371484378,21.40065516914794,0              77.37121582421878,20.106233605369603,0              72.65808105859378,20.14749530904506,0            </coordinates>          </LinearRing>        </outerBoundaryIs>      </Polygon>    </Placemark>  </Document></kml>'),
(40, 41, '{"zoom":10,"tilt":0,"mapTypeId":"roadmap","center":{"lat":57.57477906967287,"lng":-3.6000823974609375},"overlays":[{"type":"polygon","title":"Catchment area","content":"","fillColor":"#0000ff","fillOpacity":0.24609375,"strokeColor":"#000000","strokeOpacity":0.99609375,"strokeWeight":1,"paths":[[{"lat":"57.62922866964605","lng":"-3.77105712890625"},{"lat":"57.60937137166543","lng":"-3.768310546875"},{"lat":"57.58655886615978","lng":"-3.7628173828125"},{"lat":"57.561890550364836","lng":"-3.7580108642578125"},{"lat":"57.54457593151928","lng":"-3.7470245361328125"},{"lat":"57.52172277909669","lng":"-3.7298583984375"},{"lat":"57.50217565997505","lng":"-3.7126922607421875"},{"lat":"57.48261806656337","lng":"-3.69964599609375"},{"lat":"57.47043540439562","lng":"-3.6907196044921875"},{"lat":"57.467481419935325","lng":"-3.6838531494140625"},{"lat":"57.467481419935325","lng":"-3.6591339111328125"},{"lat":"57.467481419935325","lng":"-3.6385345458984375"},{"lat":"57.48999952121883","lng":"-3.5918426513671875"},{"lat":"57.526884420651236","lng":"-3.4991455078125"},{"lat":"57.55305007117087","lng":"-3.45245361328125"},{"lat":"57.571465314788526","lng":"-3.437347412109375"},{"lat":"57.59612714310652","lng":"-3.429107666015625"},{"lat":"57.62150767664831","lng":"-3.43048095703125"},{"lat":"57.644549","lng":"-3.443134999999984"},{"lat":"57.66266734601164","lng":"-3.462066650390625"},{"lat":"57.67515301354949","lng":"-3.47991943359375"},{"lat":"57.681761332630515","lng":"-3.49639892578125"},{"lat":"57.66854348975104","lng":"-3.51287841796875"},{"lat":"57.662300055417106","lng":"-3.5437774658203125"},{"lat":"57.66119816131916","lng":"-3.5781097412109375"},{"lat":"57.66266734601164","lng":"-3.6069488525390625"},{"lat":"57.66303463288711","lng":"-3.6344146728515625"},{"lat":"57.66083085584828","lng":"-3.66943359375"},{"lat":"57.65789227819028","lng":"-3.6989593505859375"},{"lat":"57.65385134523876","lng":"-3.7209320068359375"},{"lat":"57.647237938677804","lng":"-3.7470245361328125"},{"lat":"57.637683112449935","lng":"-3.7628173828125"},{"lat":"57.62922866964605","lng":"-3.77105712890625"}]]}]}', '<?xml version="1.0" encoding="UTF-8" ?><kml xmlns="http://www.opengis.net/kml/2.2">  <Document>    <Placemark>      <name><![CDATA[Catchment area]]></name>      <description><![CDATA[]]></description>      <Polygon>        <extrude>1</extrude>        <altitudeMode>relativeToGround</altitudeMode>        <outerBoundaryIs>          <LinearRing>            <coordinates>              -3.77105712890625,57.62922866964605,0              -3.768310546875,57.60937137166543,0              -3.7628173828125,57.58655886615978,0              -3.7580108642578125,57.561890550364836,0              -3.7470245361328125,57.54457593151928,0              -3.7298583984375,57.52172277909669,0              -3.7126922607421875,57.50217565997505,0              -3.69964599609375,57.48261806656337,0              -3.6907196044921875,57.47043540439562,0              -3.6838531494140625,57.467481419935325,0              -3.6591339111328125,57.467481419935325,0              -3.6385345458984375,57.467481419935325,0              -3.5918426513671875,57.48999952121883,0              -3.4991455078125,57.526884420651236,0              -3.45245361328125,57.55305007117087,0              -3.437347412109375,57.571465314788526,0              -3.429107666015625,57.59612714310652,0              -3.43048095703125,57.62150767664831,0              -3.443134999999984,57.644549,0              -3.462066650390625,57.66266734601164,0              -3.47991943359375,57.67515301354949,0              -3.49639892578125,57.681761332630515,0              -3.51287841796875,57.66854348975104,0              -3.5437774658203125,57.662300055417106,0              -3.5781097412109375,57.66119816131916,0              -3.6069488525390625,57.66266734601164,0              -3.6344146728515625,57.66303463288711,0              -3.66943359375,57.66083085584828,0              -3.6989593505859375,57.65789227819028,0              -3.7209320068359375,57.65385134523876,0              -3.7470245361328125,57.647237938677804,0              -3.7628173828125,57.637683112449935,0              -3.77105712890625,57.62922866964605,0            </coordinates>          </LinearRing>        </outerBoundaryIs>      </Polygon>    </Placemark>    <Placemark>      <name><![CDATA[Catchment area]]></name>      <description><![CDATA[]]></description>      <Polygon>        <extrude>1</extrude>        <altitudeMode>relativeToGround</altitudeMode>        <outerBoundaryIs>          <LinearRing>            <coordinates>              -3.77105712890625,57.62922866964605,0              -3.768310546875,57.60937137166543,0              -3.7628173828125,57.58655886615978,0              -3.7580108642578125,57.561890550364836,0              -3.7470245361328125,57.54457593151928,0              -3.7298583984375,57.52172277909669,0              -3.7126922607421875,57.50217565997505,0              -3.69964599609375,57.48261806656337,0              -3.6907196044921875,57.47043540439562,0              -3.6838531494140625,57.467481419935325,0              -3.6591339111328125,57.467481419935325,0              -3.6385345458984375,57.467481419935325,0              -3.5918426513671875,57.48999952121883,0              -3.4991455078125,57.526884420651236,0              -3.45245361328125,57.55305007117087,0              -3.437347412109375,57.571465314788526,0              -3.429107666015625,57.59612714310652,0              -3.43048095703125,57.62150767664831,0              -3.443134999999984,57.644549,0              -3.462066650390625,57.66266734601164,0              -3.47991943359375,57.67515301354949,0              -3.49639892578125,57.681761332630515,0              -3.51287841796875,57.66854348975104,0              -3.5437774658203125,57.662300055417106,0              -3.5781097412109375,57.66119816131916,0              -3.6069488525390625,57.66266734601164,0              -3.6344146728515625,57.66303463288711,0              -3.66943359375,57.66083085584828,0              -3.6989593505859375,57.65789227819028,0              -3.7209320068359375,57.65385134523876,0              -3.7470245361328125,57.647237938677804,0              -3.7628173828125,57.637683112449935,0              -3.77105712890625,57.62922866964605,0            </coordinates>          </LinearRing>        </outerBoundaryIs>      </Polygon>    </Placemark>    <Placemark>      <name><![CDATA[Catchment area]]></name>      <description><![CDATA[]]></description>      <Polygon>        <extrude>1</extrude>        <altitudeMode>relativeToGround</altitudeMode>        <outerBoundaryIs>          <LinearRing>            <coordinates>              -3.77105712890625,57.62922866964605,0              -3.768310546875,57.60937137166543,0              -3.7628173828125,57.58655886615978,0              -3.7580108642578125,57.561890550364836,0              -3.7470245361328125,57.54457593151928,0              -3.7298583984375,57.52172277909669,0              -3.7126922607421875,57.50217565997505,0              -3.69964599609375,57.48261806656337,0              -3.6907196044921875,57.47043540439562,0              -3.6838531494140625,57.467481419935325,0              -3.6591339111328125,57.467481419935325,0              -3.6385345458984375,57.467481419935325,0              -3.5918426513671875,57.48999952121883,0              -3.4991455078125,57.526884420651236,0              -3.45245361328125,57.55305007117087,0              -3.437347412109375,57.571465314788526,0              -3.429107666015625,57.59612714310652,0              -3.43048095703125,57.62150767664831,0              -3.443134999999984,57.644549,0              -3.462066650390625,57.66266734601164,0              -3.47991943359375,57.67515301354949,0              -3.49639892578125,57.681761332630515,0              -3.51287841796875,57.66854348975104,0              -3.5437774658203125,57.662300055417106,0              -3.5781097412109375,57.66119816131916,0              -3.6069488525390625,57.66266734601164,0              -3.6344146728515625,57.66303463288711,0              -3.66943359375,57.66083085584828,0              -3.6989593505859375,57.65789227819028,0              -3.7209320068359375,57.65385134523876,0              -3.7470245361328125,57.647237938677804,0              -3.7628173828125,57.637683112449935,0              -3.77105712890625,57.62922866964605,0            </coordinates>          </LinearRing>        </outerBoundaryIs>      </Polygon>    </Placemark>  </Document></kml>'),
(41, 42, '{"zoom":10,"tilt":0,"mapTypeId":"roadmap","center":{"lat":57.55415524842452,"lng":-2.8777313232421875},"overlays":[{"type":"polygon","title":"","content":"","fillColor":"#000000","fillOpacity":0.3,"strokeColor":"#000000","strokeOpacity":0.9,"strokeWeight":3,"paths":[[{"lat":"21.329035778926478","lng":"73.46008301171878"},{"lat":"21.40065516914794","lng":"78.30505371484378"},{"lat":"20.106233605369603","lng":"77.37121582421878"},{"lat":"20.14749530904506","lng":"72.65808105859378"}]]},{"type":"polygon","title":"Catchment area","content":"","fillColor":"#0000ff","fillOpacity":0.24609375,"strokeColor":"#000000","strokeOpacity":0.99609375,"strokeWeight":1,"paths":[[{"lat":"57.56888774130089","lng":"-3.121490478515625"},{"lat":"57.52393500065137","lng":"-3.099517822265625"},{"lat":"57.48852334963972","lng":"-3.055572509765625"},{"lat":"57.46268068590949","lng":"-3.01025390625"},{"lat":"57.49442767792295","lng":"-2.89215087890625"},{"lat":"57.5375740685218","lng":"-2.8997039794921875"},{"lat":"57.5401538587701","lng":"-2.8159332275390625"},{"lat":"57.51139730407086","lng":"-2.783660888671875"},{"lat":"57.52246020119193","lng":"-2.74658203125"},{"lat":"57.51102848304863","lng":"-2.6861572265625"},{"lat":"57.53315114610741","lng":"-2.63397216796875"},{"lat":"57.57109710117865","lng":"-2.7115631103515625"},{"lat":"57.58066944459514","lng":"-2.74932861328125"},{"lat":"57.645400667406605","lng":"-2.8179931640625"},{"lat":"57.61562391374733","lng":"-3.08441162109375"},{"lat":"57.56888774130089","lng":"-3.121490478515625"}]]}]}', '<?xml version="1.0" encoding="UTF-8" ?><kml xmlns="http://www.opengis.net/kml/2.2">  <Document>    <Placemark>      <name><![CDATA[Catchment area]]></name>      <description><![CDATA[]]></description>      <Polygon>        <extrude>1</extrude>        <altitudeMode>relativeToGround</altitudeMode>        <outerBoundaryIs>          <LinearRing>            <coordinates>              -3.121490478515625,57.56888774130089,0              -3.099517822265625,57.52393500065137,0              -3.055572509765625,57.48852334963972,0              -3.01025390625,57.46268068590949,0              -2.89215087890625,57.49442767792295,0              -2.8997039794921875,57.5375740685218,0              -2.8159332275390625,57.5401538587701,0              -2.783660888671875,57.51139730407086,0              -2.74658203125,57.52246020119193,0              -2.6861572265625,57.51102848304863,0              -2.63397216796875,57.53315114610741,0              -2.7115631103515625,57.57109710117865,0              -2.74932861328125,57.58066944459514,0              -2.8179931640625,57.645400667406605,0              -3.08441162109375,57.61562391374733,0              -3.121490478515625,57.56888774130089,0            </coordinates>          </LinearRing>        </outerBoundaryIs>      </Polygon>    </Placemark>    <Placemark>      <name><![CDATA[]]></name>      <description><![CDATA[]]></description>      <Polygon>        <extrude>1</extrude>        <altitudeMode>relativeToGround</altitudeMode>        <outerBoundaryIs>          <LinearRing>            <coordinates>              73.46008301171878,21.329035778926478,0              78.30505371484378,21.40065516914794,0              77.37121582421878,20.106233605369603,0              72.65808105859378,20.14749530904506,0            </coordinates>          </LinearRing>        </outerBoundaryIs>      </Polygon>    </Placemark>    <Placemark>      <name><![CDATA[Catchment area]]></name>      <description><![CDATA[]]></description>      <Polygon>        <extrude>1</extrude>        <altitudeMode>relativeToGround</altitudeMode>        <outerBoundaryIs>          <LinearRing>            <coordinates>              -3.121490478515625,57.56888774130089,0              -3.099517822265625,57.52393500065137,0              -3.055572509765625,57.48852334963972,0              -3.01025390625,57.46268068590949,0              -2.89215087890625,57.49442767792295,0              -2.8997039794921875,57.5375740685218,0              -2.8159332275390625,57.5401538587701,0              -2.783660888671875,57.51139730407086,0              -2.74658203125,57.52246020119193,0              -2.6861572265625,57.51102848304863,0              -2.63397216796875,57.53315114610741,0              -2.7115631103515625,57.57109710117865,0              -2.74932861328125,57.58066944459514,0              -2.8179931640625,57.645400667406605,0              -3.08441162109375,57.61562391374733,0              -3.121490478515625,57.56888774130089,0            </coordinates>          </LinearRing>        </outerBoundaryIs>      </Polygon>    </Placemark>    <Placemark>      <name><![CDATA[]]></name>      <description><![CDATA[]]></description>      <Polygon>        <extrude>1</extrude>        <altitudeMode>relativeToGround</altitudeMode>        <outerBoundaryIs>          <LinearRing>            <coordinates>              73.46008301171878,21.329035778926478,0              78.30505371484378,21.40065516914794,0              77.37121582421878,20.106233605369603,0              72.65808105859378,20.14749530904506,0            </coordinates>          </LinearRing>        </outerBoundaryIs>      </Polygon>    </Placemark>    <Placemark>      <name><![CDATA[Catchment area]]></name>      <description><![CDATA[]]></description>      <Polygon>        <extrude>1</extrude>        <altitudeMode>relativeToGround</altitudeMode>        <outerBoundaryIs>          <LinearRing>            <coordinates>              -3.121490478515625,57.56888774130089,0              -3.099517822265625,57.52393500065137,0              -3.055572509765625,57.48852334963972,0              -3.01025390625,57.46268068590949,0              -2.89215087890625,57.49442767792295,0              -2.8997039794921875,57.5375740685218,0              -2.8159332275390625,57.5401538587701,0              -2.783660888671875,57.51139730407086,0              -2.74658203125,57.52246020119193,0              -2.6861572265625,57.51102848304863,0              -2.63397216796875,57.53315114610741,0              -2.7115631103515625,57.57109710117865,0              -2.74932861328125,57.58066944459514,0              -2.8179931640625,57.645400667406605,0              -3.08441162109375,57.61562391374733,0              -3.121490478515625,57.56888774130089,0            </coordinates>          </LinearRing>        </outerBoundaryIs>      </Polygon>    </Placemark>    <Placemark>      <name><![CDATA[]]></name>      <description><![CDATA[]]></description>      <Polygon>        <extrude>1</extrude>        <altitudeMode>relativeToGround</altitudeMode>        <outerBoundaryIs>          <LinearRing>            <coordinates>              73.46008301171878,21.329035778926478,0              78.30505371484378,21.40065516914794,0              77.37121582421878,20.106233605369603,0              72.65808105859378,20.14749530904506,0            </coordinates>          </LinearRing>        </outerBoundaryIs>      </Polygon>    </Placemark>  </Document></kml>'),
(43, 44, '{"zoom":10,"tilt":0,"mapTypeId":"roadmap","center":{"lat":57.52209149200808,"lng":-2.4500370025634766},"overlays":[{"type":"polygon","title":"","content":"","fillColor":"#000000","fillOpacity":0.3,"strokeColor":"#000000","strokeOpacity":0.9,"strokeWeight":3,"paths":[[{"lat":"21.329035778926478","lng":"73.46008301171878"},{"lat":"21.40065516914794","lng":"78.30505371484378"},{"lat":"20.106233605369603","lng":"77.37121582421878"},{"lat":"20.14749530904506","lng":"72.65808105859378"}]]},{"type":"polygon","title":"Catchment area","content":"","fillColor":"#0000ff","fillOpacity":0.24609375,"strokeColor":"#000000","strokeOpacity":0.99609375,"strokeWeight":1,"paths":[[{"lat":"57.58039335456832","lng":"-2.5052261352539062"},{"lat":"57.57873677041636","lng":"-2.52685546875"},{"lat":"57.57137326173521","lng":"-2.5632476806640625"},{"lat":"57.56492896950416","lng":"-2.5872802734375"},{"lat":"57.533427594480905","lng":"-2.599639892578125"},{"lat":"57.5039279516761","lng":"-2.6092529296875"},{"lat":"57.48017263074733","lng":"-2.6183509826660156"},{"lat":"57.46681212465378","lng":"-2.6307106018066406"},{"lat":"57.4566788816221","lng":"-2.629852294921875"},{"lat":"57.448551791887134","lng":"-2.6181793212890625"},{"lat":"57.44929069286476","lng":"-2.5522613525390625"},{"lat":"57.45594012991794","lng":"-2.4506378173828125"},{"lat":"57.47145078140801","lng":"-2.3943328857421875"},{"lat":"57.48990726224335","lng":"-2.3404312133789062"},{"lat":"57.5061412525211","lng":"-2.302837371826172"},{"lat":"57.527529574477036","lng":"-2.2748565673828125"},{"lat":"57.56971626696864","lng":"-2.2693634033203125"},{"lat":"57.59548320346999","lng":"-2.2748565673828125"},{"lat":"57.594563269924265","lng":"-2.39501953125"},{"lat":"57.582786065208296","lng":"-2.4616241455078125"},{"lat":"57.58039335456832","lng":"-2.5052261352539062"}]]}]}', '<?xml version="1.0" encoding="UTF-8" ?><kml xmlns="http://www.opengis.net/kml/2.2">  <Document>    <Placemark>      <name><![CDATA[Catchment area]]></name>      <description><![CDATA[]]></description>      <Polygon>        <extrude>1</extrude>        <altitudeMode>relativeToGround</altitudeMode>        <outerBoundaryIs>          <LinearRing>            <coordinates>              -2.5052261352539062,57.58039335456832,0              -2.52685546875,57.57873677041636,0              -2.5632476806640625,57.57137326173521,0              -2.5872802734375,57.56492896950416,0              -2.599639892578125,57.533427594480905,0              -2.6092529296875,57.5039279516761,0              -2.6183509826660156,57.48017263074733,0              -2.6307106018066406,57.46681212465378,0              -2.629852294921875,57.4566788816221,0              -2.6181793212890625,57.448551791887134,0              -2.5522613525390625,57.44929069286476,0              -2.4506378173828125,57.45594012991794,0              -2.3943328857421875,57.47145078140801,0              -2.3404312133789062,57.48990726224335,0              -2.302837371826172,57.5061412525211,0              -2.2748565673828125,57.527529574477036,0              -2.2693634033203125,57.56971626696864,0              -2.2748565673828125,57.59548320346999,0              -2.39501953125,57.594563269924265,0              -2.4616241455078125,57.582786065208296,0              -2.5052261352539062,57.58039335456832,0            </coordinates>          </LinearRing>        </outerBoundaryIs>      </Polygon>    </Placemark>    <Placemark>      <name><![CDATA[]]></name>      <description><![CDATA[]]></description>      <Polygon>        <extrude>1</extrude>        <altitudeMode>relativeToGround</altitudeMode>        <outerBoundaryIs>          <LinearRing>            <coordinates>              73.46008301171878,21.329035778926478,0              78.30505371484378,21.40065516914794,0              77.37121582421878,20.106233605369603,0              72.65808105859378,20.14749530904506,0            </coordinates>          </LinearRing>        </outerBoundaryIs>      </Polygon>    </Placemark>    <Placemark>      <name><![CDATA[Catchment area]]></name>      <description><![CDATA[]]></description>      <Polygon>        <extrude>1</extrude>        <altitudeMode>relativeToGround</altitudeMode>        <outerBoundaryIs>          <LinearRing>            <coordinates>              -2.5052261352539062,57.58039335456832,0              -2.52685546875,57.57873677041636,0              -2.5632476806640625,57.57137326173521,0              -2.5872802734375,57.56492896950416,0              -2.599639892578125,57.533427594480905,0              -2.6092529296875,57.5039279516761,0              -2.6183509826660156,57.48017263074733,0              -2.6307106018066406,57.46681212465378,0              -2.629852294921875,57.4566788816221,0              -2.6181793212890625,57.448551791887134,0              -2.5522613525390625,57.44929069286476,0              -2.4506378173828125,57.45594012991794,0              -2.3943328857421875,57.47145078140801,0              -2.3404312133789062,57.48990726224335,0              -2.302837371826172,57.5061412525211,0              -2.2748565673828125,57.527529574477036,0              -2.2693634033203125,57.56971626696864,0              -2.2748565673828125,57.59548320346999,0              -2.39501953125,57.594563269924265,0              -2.4616241455078125,57.582786065208296,0              -2.5052261352539062,57.58039335456832,0            </coordinates>          </LinearRing>        </outerBoundaryIs>      </Polygon>    </Placemark>    <Placemark>      <name><![CDATA[]]></name>      <description><![CDATA[]]></description>      <Polygon>        <extrude>1</extrude>        <altitudeMode>relativeToGround</altitudeMode>        <outerBoundaryIs>          <LinearRing>            <coordinates>              73.46008301171878,21.329035778926478,0              78.30505371484378,21.40065516914794,0              77.37121582421878,20.106233605369603,0              72.65808105859378,20.14749530904506,0            </coordinates>          </LinearRing>        </outerBoundaryIs>      </Polygon>    </Placemark>    <Placemark>      <name><![CDATA[Catchment area]]></name>      <description><![CDATA[]]></description>      <Polygon>        <extrude>1</extrude>        <altitudeMode>relativeToGround</altitudeMode>        <outerBoundaryIs>          <LinearRing>            <coordinates>              -2.5052261352539062,57.58039335456832,0              -2.52685546875,57.57873677041636,0              -2.5632476806640625,57.57137326173521,0              -2.5872802734375,57.56492896950416,0              -2.599639892578125,57.533427594480905,0              -2.6092529296875,57.5039279516761,0              -2.6183509826660156,57.48017263074733,0              -2.6307106018066406,57.46681212465378,0              -2.629852294921875,57.4566788816221,0              -2.6181793212890625,57.448551791887134,0              -2.5522613525390625,57.44929069286476,0              -2.4506378173828125,57.45594012991794,0              -2.3943328857421875,57.47145078140801,0              -2.3404312133789062,57.48990726224335,0              -2.302837371826172,57.5061412525211,0              -2.2748565673828125,57.527529574477036,0              -2.2693634033203125,57.56971626696864,0              -2.2748565673828125,57.59548320346999,0              -2.39501953125,57.594563269924265,0              -2.4616241455078125,57.582786065208296,0              -2.5052261352539062,57.58039335456832,0            </coordinates>          </LinearRing>        </outerBoundaryIs>      </Polygon>    </Placemark>    <Placemark>      <name><![CDATA[]]></name>      <description><![CDATA[]]></description>      <Polygon>        <extrude>1</extrude>        <altitudeMode>relativeToGround</altitudeMode>        <outerBoundaryIs>          <LinearRing>            <coordinates>              73.46008301171878,21.329035778926478,0              78.30505371484378,21.40065516914794,0              77.37121582421878,20.106233605369603,0              72.65808105859378,20.14749530904506,0            </coordinates>          </LinearRing>        </outerBoundaryIs>      </Polygon>    </Placemark>  </Document></kml>'),
(44, 45, '{"zoom":10,"tilt":0,"mapTypeId":"roadmap","center":{"lat":57.67797726090102,"lng":-2.351018749999967},"overlays":[{"type":"polygon","title":"Catchment area","content":"","paths":[[{"lat":"57.679925809277314","lng":"-2.493896484375"},{"lat":"57.66450374319921","lng":"-2.669677734375"},{"lat":"57.55710222383965","lng":"-2.6806640625"},{"lat":"57.52909632910257","lng":"-2.129974365234375"},{"lat":"57.55489201463186","lng":"-1.992645263671875"},{"lat":"57.65421872137722","lng":"-1.896514892578125"},{"lat":"57.717352096870876","lng":"-2.03521728515625"},{"lat":"57.7114838636493","lng":"-2.18902587890625"},{"lat":"57.70047836222773","lng":"-2.39227294921875"}]]}]}', '<?xml version="1.0" encoding="UTF-8" ?>\r\n<kml xmlns="http://www.opengis.net/kml/2.2">\r\n  <Document>\r\n    <Placemark>\r\n      <name><![CDATA[Catchment area]]></name>\r\n      <description><![CDATA[]]></description>\r\n      <Polygon>\r\n        <extrude>1</extrude>\r\n        <altitudeMode>relativeToGround</altitudeMode>\r\n        <outerBoundaryIs>\r\n          <LinearRing>\r\n            <coordinates>\r\n              -2.493896484375,57.679925809277314,0\r\n              -2.669677734375,57.66450374319921,0\r\n              -2.6806640625,57.55710222383965,0\r\n              -2.129974365234375,57.52909632910257,0\r\n              -1.992645263671875,57.55489201463186,0\r\n              -1.896514892578125,57.65421872137722,0\r\n              -2.03521728515625,57.717352096870876,0\r\n              -2.18902587890625,57.7114838636493,0\r\n              -2.39227294921875,57.70047836222773,0\r\n            </coordinates>\r\n          </LinearRing>\r\n        </outerBoundaryIs>\r\n      </Polygon>\r\n    </Placemark>\r\n  </Document>\r\n</kml>'),
(45, 53, '{"zoom":5,"tilt":0,"mapTypeId":"roadmap","center":{"lat":58.54987565524715,"lng":-2.394964062499987},"overlays":[{"type":"polygon","title":"Catchment area","content":"","paths":[[{"lat":"58.60833366077633","lng":"-4.74609375"},{"lat":"56.77680831656842","lng":"-6.240234375"},{"lat":"56.607885465009254","lng":"-2.021484375"}]]}]}', '<?xml version="1.0" encoding="UTF-8" ?>\r\n<kml xmlns="http://www.opengis.net/kml/2.2">\r\n  <Document>\r\n    <Placemark>\r\n      <name><![CDATA[Catchment area]]></name>\r\n      <description><![CDATA[]]></description>\r\n      <Polygon>\r\n        <extrude>1</extrude>\r\n        <altitudeMode>relativeToGround</altitudeMode>\r\n        <outerBoundaryIs>\r\n          <LinearRing>\r\n            <coordinates>\r\n              -4.74609375,58.60833366077633,0\r\n              -6.240234375,56.77680831656842,0\r\n              -2.021484375,56.607885465009254,0\r\n            </coordinates>\r\n          </LinearRing>\r\n        </outerBoundaryIs>\r\n      </Polygon>\r\n    </Placemark>\r\n  </Document>\r\n</kml>'),
(46, 54, '{"zoom":8,"tilt":0,"mapTypeId":"roadmap","center":{"lat":57.72133904873332,"lng":-3.1091685973882544},"overlays":[{"type":"polygon","title":"Catchment area","content":"","paths":[[{"lat":"57.737983287074584","lng":"-3.3814478293061256"},{"lat":"57.620504731941494","lng":"-3.5572290793061256"},{"lat":"57.487885795171714","lng":"-3.2221460714936256"},{"lat":"57.50854712830135","lng":"-2.9145288839936256"}]]}]}', '<?xml version="1.0" encoding="UTF-8" ?>\r\n<kml xmlns="http://www.opengis.net/kml/2.2">\r\n  <Document>\r\n    <Placemark>\r\n      <name><![CDATA[Catchment area]]></name>\r\n      <description><![CDATA[]]></description>\r\n      <Polygon>\r\n        <extrude>1</extrude>\r\n        <altitudeMode>relativeToGround</altitudeMode>\r\n        <outerBoundaryIs>\r\n          <LinearRing>\r\n            <coordinates>\r\n              -3.3814478293061256,57.737983287074584,0\r\n              -3.5572290793061256,57.620504731941494,0\r\n              -3.2221460714936256,57.487885795171714,0\r\n              -2.9145288839936256,57.50854712830135,0\r\n            </coordinates>\r\n          </LinearRing>\r\n        </outerBoundaryIs>\r\n      </Polygon>\r\n    </Placemark>\r\n  </Document>\r\n</kml>'),
(47, 55, '', ''),
(48, 56, '{"zoom":9,"tilt":0,"mapTypeId":"roadmap","center":{"lat":57.606750139142804,"lng":-2.604203187751737},"overlays":[{"type":"polygon","title":"Catchment area","content":"","paths":[[{"lat":"57.68731739413169","lng":"-3.1958510354161263"},{"lat":"57.681444292615595","lng":"-3.3881117776036263"},{"lat":"57.61089280942742","lng":"-3.4155775979161263"},{"lat":"57.4989056066603","lng":"-3.3194472268223763"},{"lat":"57.433913436507076","lng":"-2.8387953713536263"},{"lat":"57.45165003636814","lng":"-2.6547743752598763"},{"lat":"57.52103562063996","lng":"-2.4570204690098763"},{"lat":"57.663819232205284","lng":"-2.5064589455723763"},{"lat":"57.68144424780377","lng":"-2.5806166604161263"},{"lat":"57.66528831073924","lng":"-3.0228163674473763"}]]},{"type":"polygon","title":"Destination out with the catchment area","content":"","paths":[[{"lat":"57.51218518065889","lng":"-3.6517836526036263"},{"lat":"57.630014000074226","lng":"-3.6490370705723763"},{"lat":"57.61236398609254","lng":"-3.5419203713536263"}]]},{"type":"polygon","title":"Destination out with the catchment area","content":"","paths":[[{"lat":"57.61530625056073","lng":"-2.1356703713536263"},{"lat":"57.578510820077746","lng":"-2.1494032815098763"},{"lat":"57.5578891132076","lng":"-2.0313002541661263"}]]}]}', '<?xml version="1.0" encoding="UTF-8" ?>\r\n<kml xmlns="http://www.opengis.net/kml/2.2">\r\n  <Document>\r\n    <Placemark>\r\n      <name><![CDATA[Catchment area]]></name>\r\n      <description><![CDATA[]]></description>\r\n      <Polygon>\r\n        <extrude>1</extrude>\r\n        <altitudeMode>relativeToGround</altitudeMode>\r\n        <outerBoundaryIs>\r\n          <LinearRing>\r\n            <coordinates>\r\n              -3.1958510354161263,57.68731739413169,0\r\n              -3.3881117776036263,57.681444292615595,0\r\n              -3.4155775979161263,57.61089280942742,0\r\n              -3.3194472268223763,57.4989056066603,0\r\n              -2.8387953713536263,57.433913436507076,0\r\n              -2.6547743752598763,57.45165003636814,0\r\n              -2.4570204690098763,57.52103562063996,0\r\n              -2.5064589455723763,57.663819232205284,0\r\n              -2.5806166604161263,57.68144424780377,0\r\n              -3.0228163674473763,57.66528831073924,0\r\n            </coordinates>\r\n          </LinearRing>\r\n        </outerBoundaryIs>\r\n      </Polygon>\r\n    </Placemark>\r\n    <Placemark>\r\n      <name><![CDATA[Destination out with the catchment area]]></name>\r\n      <description><![CDATA[]]></description>\r\n      <Polygon>\r\n        <extrude>1</extrude>\r\n        <altitudeMode>relativeToGround</altitudeMode>\r\n        <outerBoundaryIs>\r\n          <LinearRing>\r\n            <coordinates>\r\n              -3.6517836526036263,57.51218518065889,0\r\n              -3.6490370705723763,57.630014000074226,0\r\n              -3.5419203713536263,57.61236398609254,0\r\n            </coordinates>\r\n          </LinearRing>\r\n        </outerBoundaryIs>\r\n      </Polygon>\r\n    </Placemark>\r\n    <Placemark>\r\n      <name><![CDATA[Destination out with the catchment area]]></name>\r\n      <description><![CDATA[]]></description>\r\n      <Polygon>\r\n        <extrude>1</extrude>\r\n        <altitudeMode>relativeToGround</altitudeMode>\r\n        <outerBoundaryIs>\r\n          <LinearRing>\r\n            <coordinates>\r\n              -2.1356703713536263,57.61530625056073,0\r\n              -2.1494032815098763,57.578510820077746,0\r\n              -2.0313002541661263,57.5578891132076,0\r\n            </coordinates>\r\n          </LinearRing>\r\n        </outerBoundaryIs>\r\n      </Polygon>\r\n    </Placemark>\r\n  </Document>\r\n</kml>');
INSERT INTO `operating_area` (`id`, `operator_id`, `json`, `kml`) VALUES
(49, 57, '{"zoom":9,"tilt":0,"mapTypeId":"roadmap","center":{"lat":57.70373382685341,"lng":-3.038163148689257},"overlays":[{"type":"polygon","title":"Catchment area","content":"","paths":[[{"lat":"57.71226741587585","lng":"-3.3139540627598763"},{"lat":"57.63148444873283","lng":"-3.4128310158848763"},{"lat":"57.559362480853565","lng":"-3.4073378518223763"},{"lat":"57.490049798614685","lng":"-3.1271864846348763"},{"lat":"57.607950233720935","lng":"-2.5723769143223763"},{"lat":"57.65206455256908","lng":"-2.5558974221348763"},{"lat":"57.67263285691255","lng":"-3.099720496684313"}]]},{"type":"polygon","title":"Destination out with the catchment area","content":"","paths":[[{"lat":"57.581455870837736","lng":"-3.6545302346348763"},{"lat":"57.49300200373458","lng":"-3.6984755471348763"},{"lat":"57.518085728759594","lng":"-3.4375502541661263"}]]},{"type":"polygon","title":"Destination out with the catchment area","content":"","paths":[[{"lat":"57.549047708799414","lng":"-2.5531508401036263"},{"lat":"57.515135597110145","lng":"-2.5146986916661263"},{"lat":"57.56525539561273","lng":"-2.4680067971348763"}]]}]}', '<?xml version="1.0" encoding="UTF-8" ?>\r\n<kml xmlns="http://www.opengis.net/kml/2.2">\r\n  <Document>\r\n    <Placemark>\r\n      <name><![CDATA[Catchment area]]></name>\r\n      <description><![CDATA[]]></description>\r\n      <Polygon>\r\n        <extrude>1</extrude>\r\n        <altitudeMode>relativeToGround</altitudeMode>\r\n        <outerBoundaryIs>\r\n          <LinearRing>\r\n            <coordinates>\r\n              -3.3139540627598763,57.71226741587585,0\r\n              -3.4128310158848763,57.63148444873283,0\r\n              -3.4073378518223763,57.559362480853565,0\r\n              -3.1271864846348763,57.490049798614685,0\r\n              -2.5723769143223763,57.607950233720935,0\r\n              -2.5558974221348763,57.65206455256908,0\r\n              -3.099720496684313,57.67263285691255,0\r\n            </coordinates>\r\n          </LinearRing>\r\n        </outerBoundaryIs>\r\n      </Polygon>\r\n    </Placemark>\r\n    <Placemark>\r\n      <name><![CDATA[Destination out with the catchment area]]></name>\r\n      <description><![CDATA[]]></description>\r\n      <Polygon>\r\n        <extrude>1</extrude>\r\n        <altitudeMode>relativeToGround</altitudeMode>\r\n        <outerBoundaryIs>\r\n          <LinearRing>\r\n            <coordinates>\r\n              -3.6545302346348763,57.581455870837736,0\r\n              -3.6984755471348763,57.49300200373458,0\r\n              -3.4375502541661263,57.518085728759594,0\r\n            </coordinates>\r\n          </LinearRing>\r\n        </outerBoundaryIs>\r\n      </Polygon>\r\n    </Placemark>\r\n    <Placemark>\r\n      <name><![CDATA[Destination out with the catchment area]]></name>\r\n      <description><![CDATA[]]></description>\r\n      <Polygon>\r\n        <extrude>1</extrude>\r\n        <altitudeMode>relativeToGround</altitudeMode>\r\n        <outerBoundaryIs>\r\n          <LinearRing>\r\n            <coordinates>\r\n              -2.5531508401036263,57.549047708799414,0\r\n              -2.5146986916661263,57.515135597110145,0\r\n              -2.4680067971348763,57.56525539561273,0\r\n            </coordinates>\r\n          </LinearRing>\r\n        </outerBoundaryIs>\r\n      </Polygon>\r\n    </Placemark>\r\n  </Document>\r\n</kml>'),
(50, 58, '{"zoom":8,"tilt":0,"mapTypeId":"roadmap","center":{"lat":57.75459764629861,"lng":-3.1187503699988195},"overlays":[{"type":"polygon","title":"Catchment area","content":"","paths":[[{"lat":"57.773152563903324","lng":"-3.353981673717499"},{"lat":"57.6646037225246","lng":"-4.068093001842499"},{"lat":"57.28656633405448","lng":"-3.842873275279999"},{"lat":"57.152731814188094","lng":"-1.8598417192697525"},{"lat":"57.49379031900102","lng":"-1.6950467973947525"},{"lat":"57.84631239229024","lng":"-2.2608426958322525"},{"lat":"57.825842647561124","lng":"-2.8980497270822525"}]]}]}', '<?xml version="1.0" encoding="UTF-8" ?>\r\n<kml xmlns="http://www.opengis.net/kml/2.2">\r\n  <Document>\r\n    <Placemark>\r\n      <name><![CDATA[Catchment area]]></name>\r\n      <description><![CDATA[]]></description>\r\n      <Polygon>\r\n        <extrude>1</extrude>\r\n        <altitudeMode>relativeToGround</altitudeMode>\r\n        <outerBoundaryIs>\r\n          <LinearRing>\r\n            <coordinates>\r\n              -3.353981673717499,57.773152563903324,0\r\n              -4.068093001842499,57.6646037225246,0\r\n              -3.842873275279999,57.28656633405448,0\r\n              -1.8598417192697525,57.152731814188094,0\r\n              -1.6950467973947525,57.49379031900102,0\r\n              -2.2608426958322525,57.84631239229024,0\r\n              -2.8980497270822525,57.825842647561124,0\r\n            </coordinates>\r\n          </LinearRing>\r\n        </outerBoundaryIs>\r\n      </Polygon>\r\n    </Placemark>\r\n  </Document>\r\n</kml>'),
(51, 59, '{"zoom":9,"tilt":0,"mapTypeId":"roadmap","center":{"lat":57.662620801026925,"lng":-3.351273500251717},"overlays":[{"type":"polygon","title":"Catchment area","content":"","paths":[[{"lat":"57.671164075875616","lng":"-3.2672621682286263"},{"lat":"57.71666862948406","lng":"-2.9184462502598763"},{"lat":"57.70199598568705","lng":"-2.7646376565098763"},{"lat":"57.67997586970566","lng":"-2.3389174416661263"},{"lat":"57.671164075875616","lng":"-2.1494032815098763"},{"lat":"57.64030592826739","lng":"-2.0148207619786263"},{"lat":"57.509234618015036","lng":"-1.9955946877598763"},{"lat":"57.417647332360964","lng":"-2.9184462502598763"},{"lat":"57.51956070511483","lng":"-3.1656386330723763"}]]},{"type":"polygon","title":"Destination out with the catchment area","content":"","paths":[[{"lat":"57.63736568816829","lng":"-3.6380507424473763"},{"lat":"57.60795018881827","lng":"-3.6517836526036263"},{"lat":"57.59912089400037","lng":"-3.5199477151036263"}]]},{"type":"polygon","title":"Destination out with the catchment area","content":"","paths":[[{"lat":"57.444260832686275","lng":"-3.2260634377598763"},{"lat":"57.42356311605972","lng":"-3.1876112893223763"},{"lat":"57.46051511297563","lng":"-3.1601454690098763"}]]}]}', '<?xml version="1.0" encoding="UTF-8" ?>\r\n<kml xmlns="http://www.opengis.net/kml/2.2">\r\n  <Document>\r\n    <Placemark>\r\n      <name><![CDATA[Catchment area]]></name>\r\n      <description><![CDATA[]]></description>\r\n      <Polygon>\r\n        <extrude>1</extrude>\r\n        <altitudeMode>relativeToGround</altitudeMode>\r\n        <outerBoundaryIs>\r\n          <LinearRing>\r\n            <coordinates>\r\n              -3.2672621682286263,57.671164075875616,0\r\n              -2.9184462502598763,57.71666862948406,0\r\n              -2.7646376565098763,57.70199598568705,0\r\n              -2.3389174416661263,57.67997586970566,0\r\n              -2.1494032815098763,57.671164075875616,0\r\n              -2.0148207619786263,57.64030592826739,0\r\n              -1.9955946877598763,57.509234618015036,0\r\n              -2.9184462502598763,57.417647332360964,0\r\n              -3.1656386330723763,57.51956070511483,0\r\n            </coordinates>\r\n          </LinearRing>\r\n        </outerBoundaryIs>\r\n      </Polygon>\r\n    </Placemark>\r\n    <Placemark>\r\n      <name><![CDATA[Destination out with the catchment area]]></name>\r\n      <description><![CDATA[]]></description>\r\n      <Polygon>\r\n        <extrude>1</extrude>\r\n        <altitudeMode>relativeToGround</altitudeMode>\r\n        <outerBoundaryIs>\r\n          <LinearRing>\r\n            <coordinates>\r\n              -3.6380507424473763,57.63736568816829,0\r\n              -3.6517836526036263,57.60795018881827,0\r\n              -3.5199477151036263,57.59912089400037,0\r\n            </coordinates>\r\n          </LinearRing>\r\n        </outerBoundaryIs>\r\n      </Polygon>\r\n    </Placemark>\r\n    <Placemark>\r\n      <name><![CDATA[Destination out with the catchment area]]></name>\r\n      <description><![CDATA[]]></description>\r\n      <Polygon>\r\n        <extrude>1</extrude>\r\n        <altitudeMode>relativeToGround</altitudeMode>\r\n        <outerBoundaryIs>\r\n          <LinearRing>\r\n            <coordinates>\r\n              -3.2260634377598763,57.444260832686275,0\r\n              -3.1876112893223763,57.42356311605972,0\r\n              -3.1601454690098763,57.46051511297563,0\r\n            </coordinates>\r\n          </LinearRing>\r\n        </outerBoundaryIs>\r\n      </Polygon>\r\n    </Placemark>\r\n  </Document>\r\n</kml>'),
(52, 60, '', ''),
(53, 61, '{"zoom":9,"tilt":0,"mapTypeId":"roadmap","center":{"lat":57.71547146187402,"lng":-3.656144105720487},"overlays":[{"type":"polygon","title":"Catchment area","content":"","paths":[[{"lat":"57.72253597398672","lng":"-3.3139540627598763"},{"lat":"57.69612521487371","lng":"-3.7259413674473763"},{"lat":"57.60942148104328","lng":"-3.7643935158848763"},{"lat":"57.42652060078581","lng":"-3.3743788674473763"},{"lat":"57.430956452914224","lng":"-2.8195692971348763"},{"lat":"57.46199236793552","lng":"-2.5229384377598763"},{"lat":"57.60647874013257","lng":"-2.3196913674473763"},{"lat":"57.704930941804456","lng":"-2.4927260354161263"},{"lat":"57.68731743657568","lng":"-3.1107069924473763"}]]},{"type":"polygon","title":"Destination out with the catchment area","content":"","paths":[[{"lat":"57.591761461771725","lng":"-3.9511610940098763"},{"lat":"57.55494219909265","lng":"-3.9621474221348763"},{"lat":"57.566728415552284","lng":"-3.8412978127598763"}]]},{"type":"polygon","title":"Destination out with the catchment area","content":"","paths":[[{"lat":"57.50480820873824","lng":"-3.8879897072911263"},{"lat":"57.53430713991127","lng":"-3.7863661721348763"},{"lat":"57.50923456943227","lng":"-3.7753798440098763"}]]}]}', '<?xml version="1.0" encoding="UTF-8" ?>\r\n<kml xmlns="http://www.opengis.net/kml/2.2">\r\n  <Document>\r\n    <Placemark>\r\n      <name><![CDATA[Catchment area]]></name>\r\n      <description><![CDATA[]]></description>\r\n      <Polygon>\r\n        <extrude>1</extrude>\r\n        <altitudeMode>relativeToGround</altitudeMode>\r\n        <outerBoundaryIs>\r\n          <LinearRing>\r\n            <coordinates>\r\n              -3.3139540627598763,57.72253597398672,0\r\n              -3.7259413674473763,57.69612521487371,0\r\n              -3.7643935158848763,57.60942148104328,0\r\n              -3.3743788674473763,57.42652060078581,0\r\n              -2.8195692971348763,57.430956452914224,0\r\n              -2.5229384377598763,57.46199236793552,0\r\n              -2.3196913674473763,57.60647874013257,0\r\n              -2.4927260354161263,57.704930941804456,0\r\n              -3.1107069924473763,57.68731743657568,0\r\n            </coordinates>\r\n          </LinearRing>\r\n        </outerBoundaryIs>\r\n      </Polygon>\r\n    </Placemark>\r\n    <Placemark>\r\n      <name><![CDATA[Destination out with the catchment area]]></name>\r\n      <description><![CDATA[]]></description>\r\n      <Polygon>\r\n        <extrude>1</extrude>\r\n        <altitudeMode>relativeToGround</altitudeMode>\r\n        <outerBoundaryIs>\r\n          <LinearRing>\r\n            <coordinates>\r\n              -3.9511610940098763,57.591761461771725,0\r\n              -3.9621474221348763,57.55494219909265,0\r\n              -3.8412978127598763,57.566728415552284,0\r\n            </coordinates>\r\n          </LinearRing>\r\n        </outerBoundaryIs>\r\n      </Polygon>\r\n    </Placemark>\r\n    <Placemark>\r\n      <name><![CDATA[Destination out with the catchment area]]></name>\r\n      <description><![CDATA[]]></description>\r\n      <Polygon>\r\n        <extrude>1</extrude>\r\n        <altitudeMode>relativeToGround</altitudeMode>\r\n        <outerBoundaryIs>\r\n          <LinearRing>\r\n            <coordinates>\r\n              -3.8879897072911263,57.50480820873824,0\r\n              -3.7863661721348763,57.53430713991127,0\r\n              -3.7753798440098763,57.50923456943227,0\r\n            </coordinates>\r\n          </LinearRing>\r\n        </outerBoundaryIs>\r\n      </Polygon>\r\n    </Placemark>\r\n  </Document>\r\n</kml>'),
(54, 62, '{"zoom":9,"tilt":0,"mapTypeId":"roadmap","center":{"lat":57.53162956705744,"lng":-2.159256898689237},"overlays":[{"type":"polygon","title":"Catchment area","content":"","paths":[[{"lat":"57.681444245442805","lng":"-2.989857215434313"},{"lat":"57.68731734696653","lng":"-3.368885535746813"},{"lat":"57.68731734696653","lng":"-3.481495399028063"},{"lat":"57.566728415552284","lng":"-3.486988563090563"},{"lat":"57.47085493592463","lng":"-3.371632117778063"},{"lat":"57.42652060078581","lng":"-3.198597449809313"},{"lat":"57.43391338901259","lng":"-2.715199012309313"},{"lat":"57.46051506432801","lng":"-2.393848914653063"},{"lat":"57.57703822600983","lng":"-2.105457801371813"},{"lat":"57.6623500918058","lng":"-2.209827918559313"}]]},{"type":"polygon","title":"Destination out with the catchment area","content":"","paths":[[{"lat":"57.63883578957171","lng":"-3.6572768166661263"},{"lat":"57.63442516153584","lng":"-3.5721327736973763"},{"lat":"57.59764908792361","lng":"-3.6078383401036263"}]]},{"type":"polygon","title":"Destination out with the catchment area","content":"","paths":[[{"lat":"57.49447794566196","lng":"-1.8307997658848763"},{"lat":"57.51366039323615","lng":"-1.8692519143223763"},{"lat":"57.49300195513021","lng":"-1.8719984963536263"}]]}]}', '<?xml version="1.0" encoding="UTF-8" ?>\r\n<kml xmlns="http://www.opengis.net/kml/2.2">\r\n  <Document>\r\n    <Placemark>\r\n      <name><![CDATA[Catchment area]]></name>\r\n      <description><![CDATA[]]></description>\r\n      <Polygon>\r\n        <extrude>1</extrude>\r\n        <altitudeMode>relativeToGround</altitudeMode>\r\n        <outerBoundaryIs>\r\n          <LinearRing>\r\n            <coordinates>\r\n              -2.989857215434313,57.681444245442805,0\r\n              -3.368885535746813,57.68731734696653,0\r\n              -3.481495399028063,57.68731734696653,0\r\n              -3.486988563090563,57.566728415552284,0\r\n              -3.371632117778063,57.47085493592463,0\r\n              -3.198597449809313,57.42652060078581,0\r\n              -2.715199012309313,57.43391338901259,0\r\n              -2.393848914653063,57.46051506432801,0\r\n              -2.105457801371813,57.57703822600983,0\r\n              -2.209827918559313,57.6623500918058,0\r\n            </coordinates>\r\n          </LinearRing>\r\n        </outerBoundaryIs>\r\n      </Polygon>\r\n    </Placemark>\r\n    <Placemark>\r\n      <name><![CDATA[Destination out with the catchment area]]></name>\r\n      <description><![CDATA[]]></description>\r\n      <Polygon>\r\n        <extrude>1</extrude>\r\n        <altitudeMode>relativeToGround</altitudeMode>\r\n        <outerBoundaryIs>\r\n          <LinearRing>\r\n            <coordinates>\r\n              -3.6572768166661263,57.63883578957171,0\r\n              -3.5721327736973763,57.63442516153584,0\r\n              -3.6078383401036263,57.59764908792361,0\r\n            </coordinates>\r\n          </LinearRing>\r\n        </outerBoundaryIs>\r\n      </Polygon>\r\n    </Placemark>\r\n    <Placemark>\r\n      <name><![CDATA[Destination out with the catchment area]]></name>\r\n      <description><![CDATA[]]></description>\r\n      <Polygon>\r\n        <extrude>1</extrude>\r\n        <altitudeMode>relativeToGround</altitudeMode>\r\n        <outerBoundaryIs>\r\n          <LinearRing>\r\n            <coordinates>\r\n              -1.8307997658848763,57.49447794566196,0\r\n              -1.8692519143223763,57.51366039323615,0\r\n              -1.8719984963536263,57.49300195513021,0\r\n            </coordinates>\r\n          </LinearRing>\r\n        </outerBoundaryIs>\r\n      </Polygon>\r\n    </Placemark>\r\n  </Document>\r\n</kml>'),
(55, 63, '{"zoom":9,"tilt":0,"mapTypeId":"roadmap","center":{"lat":57.66644343081242,"lng":-2.829422914314237},"overlays":[{"type":"polygon","title":"Catchment area","content":"","paths":[[{"lat":"57.736617379995245","lng":"-3.313189633190632"},{"lat":"57.6073651437686","lng":"-3.829547055065632"},{"lat":"57.48946290227239","lng":"-3.532916195690632"},{"lat":"57.50717256740222","lng":"-2.873736508190632"},{"lat":"57.683797149127734","lng":"-2.818804867565632"},{"lat":"57.69554163800891","lng":"-3.214312680065632"}]]},{"type":"polygon","title":"Destination out with the catchment area","content":"","paths":[[{"lat":"57.67410153009173","lng":"-2.4927260354161263"},{"lat":"57.64912517157953","lng":"-2.4872328713536263"},{"lat":"57.66675732740935","lng":"-2.4405409768223763"}]]},{"type":"polygon","title":"Destination out with the catchment area","content":"","paths":[[{"lat":"57.675570192142665","lng":"-2.3059584572911263"},{"lat":"57.65941163721511","lng":"-2.2922255471348763"},{"lat":"57.66675732740935","lng":"-2.2510268166661263"},{"lat":"57.68584916080958","lng":"-2.3114516213536263"}]]}]}', '<?xml version="1.0" encoding="UTF-8" ?>\r\n<kml xmlns="http://www.opengis.net/kml/2.2">\r\n  <Document>\r\n    <Placemark>\r\n      <name><![CDATA[Catchment area]]></name>\r\n      <description><![CDATA[]]></description>\r\n      <Polygon>\r\n        <extrude>1</extrude>\r\n        <altitudeMode>relativeToGround</altitudeMode>\r\n        <outerBoundaryIs>\r\n          <LinearRing>\r\n            <coordinates>\r\n              -3.313189633190632,57.736617379995245,0\r\n              -3.829547055065632,57.6073651437686,0\r\n              -3.532916195690632,57.48946290227239,0\r\n              -2.873736508190632,57.50717256740222,0\r\n              -2.818804867565632,57.683797149127734,0\r\n              -3.214312680065632,57.69554163800891,0\r\n            </coordinates>\r\n          </LinearRing>\r\n        </outerBoundaryIs>\r\n      </Polygon>\r\n    </Placemark>\r\n    <Placemark>\r\n      <name><![CDATA[Destination out with the catchment area]]></name>\r\n      <description><![CDATA[]]></description>\r\n      <Polygon>\r\n        <extrude>1</extrude>\r\n        <altitudeMode>relativeToGround</altitudeMode>\r\n        <outerBoundaryIs>\r\n          <LinearRing>\r\n            <coordinates>\r\n              -2.4927260354161263,57.67410153009173,0\r\n              -2.4872328713536263,57.64912517157953,0\r\n              -2.4405409768223763,57.66675732740935,0\r\n            </coordinates>\r\n          </LinearRing>\r\n        </outerBoundaryIs>\r\n      </Polygon>\r\n    </Placemark>\r\n    <Placemark>\r\n      <name><![CDATA[Destination out with the catchment area]]></name>\r\n      <description><![CDATA[]]></description>\r\n      <Polygon>\r\n        <extrude>1</extrude>\r\n        <altitudeMode>relativeToGround</altitudeMode>\r\n        <outerBoundaryIs>\r\n          <LinearRing>\r\n            <coordinates>\r\n              -2.3059584572911263,57.675570192142665,0\r\n              -2.2922255471348763,57.65941163721511,0\r\n              -2.2510268166661263,57.66675732740935,0\r\n              -2.3114516213536263,57.68584916080958,0\r\n            </coordinates>\r\n          </LinearRing>\r\n        </outerBoundaryIs>\r\n      </Polygon>\r\n    </Placemark>\r\n  </Document>\r\n</kml>'),
(56, 64, '{"zoom":11,"tilt":0,"mapTypeId":"roadmap","center":{"lat":57.20072891075003,"lng":-2.106419790893035},"overlays":[{"type":"polygon","title":"Catchment area","content":"","paths":[[{"lat":"57.19191433164299","lng":"-2.0750934456009418"},{"lat":"57.21199918810561","lng":"-2.1870166633743793"},{"lat":"57.15394645193004","lng":"-2.2330219123978168"},{"lat":"57.09841344493298","lng":"-2.2652942512650043"},{"lat":"57.08386420443654","lng":"-2.2776538704056293"},{"lat":"57.07864000755326","lng":"-2.1616107795853168"},{"lat":"57.08087903917041","lng":"-2.0901996467728168"},{"lat":"57.098786427316575","lng":"-2.0723468635696918"},{"lat":"57.12004022023312","lng":"-2.0565540168900043"},{"lat":"57.12935821350057","lng":"-2.0476276252884418"},{"lat":"57.13196683147205","lng":"-2.0558673713821918"},{"lat":"57.13569310974145","lng":"-2.0599872444290668"},{"lat":"57.13867386230013","lng":"-2.0490009163040668"},{"lat":"57.14500716449911","lng":"-2.0606738899368793"},{"lat":"57.19451854052884","lng":"-2.0771533821243793"}]]}]}', '<?xml version="1.0" encoding="UTF-8" ?>\r\n<kml xmlns="http://www.opengis.net/kml/2.2">\r\n  <Document>\r\n    <Placemark>\r\n      <name><![CDATA[Catchment area]]></name>\r\n      <description><![CDATA[]]></description>\r\n      <Polygon>\r\n        <extrude>1</extrude>\r\n        <altitudeMode>relativeToGround</altitudeMode>\r\n        <outerBoundaryIs>\r\n          <LinearRing>\r\n            <coordinates>\r\n              -2.0750934456009418,57.19191433164299,0\r\n              -2.1870166633743793,57.21199918810561,0\r\n              -2.2330219123978168,57.15394645193004,0\r\n              -2.2652942512650043,57.09841344493298,0\r\n              -2.2776538704056293,57.08386420443654,0\r\n              -2.1616107795853168,57.07864000755326,0\r\n              -2.0901996467728168,57.08087903917041,0\r\n              -2.0723468635696918,57.098786427316575,0\r\n              -2.0565540168900043,57.12004022023312,0\r\n              -2.0476276252884418,57.12935821350057,0\r\n              -2.0558673713821918,57.13196683147205,0\r\n              -2.0599872444290668,57.13569310974145,0\r\n              -2.0490009163040668,57.13867386230013,0\r\n              -2.0606738899368793,57.14500716449911,0\r\n              -2.0771533821243793,57.19451854052884,0\r\n            </coordinates>\r\n          </LinearRing>\r\n        </outerBoundaryIs>\r\n      </Polygon>\r\n    </Placemark>\r\n  </Document>\r\n</kml>'),
(57, 65, '', ''),
(58, 66, '', ''),
(59, 67, '', ''),
(177, 68, '{"zoom":5,"tilt":0,"mapTypeId":"roadmap","center":{"lat":57.5028,"lng":-2.52679999999998},"overlays":[]}', '<?xml version="1.0" encoding="UTF-8" ?>\r\n<kml xmlns="http://www.opengis.net/kml/2.2">\r\n  <Document />\r\n</kml>'),
(181, 70, '{"zoom":5,"tilt":0,"mapTypeId":"roadmap","center":{"lat":57.5028,"lng":-2.52679999999998},"overlays":[]}', '<?xml version="1.0" encoding="UTF-8" ?>\r\n<kml xmlns="http://www.opengis.net/kml/2.2">\r\n  <Document />\r\n</kml>'),
(190, 69, '{"zoom":5,"tilt":0,"mapTypeId":"roadmap","center":{"lat":57.5028,"lng":-2.52679999999998},"overlays":[]}', '<?xml version="1.0" encoding="UTF-8" ?>\r\n<kml xmlns="http://www.opengis.net/kml/2.2">\r\n  <Document />\r\n</kml>'),
(196, 37, '{"zoom":7,"tilt":0,"mapTypeId":"roadmap","center":{"lat":56.863144066170946,"lng":-0.44022560119628906},"overlays":[{"type":"polygon","title":"","content":"","fillColor":"#000000","fillOpacity":0.3,"strokeColor":"#000000","strokeOpacity":0.9,"strokeWeight":3,"paths":[[{"lat":"21.329035778926478","lng":"73.46008301171878"},{"lat":"21.40065516914794","lng":"78.30505371484378"},{"lat":"20.106233605369603","lng":"77.37121582421878"},{"lat":"20.14749530904506","lng":"72.65808105859378"}]]},{"type":"polygon","title":"","content":"","fillColor":"#000000","fillOpacity":0.3,"strokeColor":"#000000","strokeOpacity":0.9,"strokeWeight":3,"paths":[[{"lat":"21.329035778926478","lng":"73.46008301171878"},{"lat":"21.40065516914794","lng":"78.30505371484378"},{"lat":"20.106233605369603","lng":"77.37121582421878"},{"lat":"20.14749530904506","lng":"72.65808105859378"}]]},{"type":"polygon","title":"","content":"","fillColor":"#000000","fillOpacity":0.3,"strokeColor":"#000000","strokeOpacity":0.9,"strokeWeight":3,"paths":[[{"lat":"21.329035778926478","lng":"73.46008301171878"},{"lat":"21.40065516914794","lng":"78.30505371484378"},{"lat":"20.106233605369603","lng":"77.37121582421878"},{"lat":"20.14749530904506","lng":"72.65808105859378"}]]},{"type":"polygon","title":"","content":"","fillColor":"#000000","fillOpacity":0.3,"strokeColor":"#000000","strokeOpacity":0.9,"strokeWeight":3,"paths":[[{"lat":"21.329035778926478","lng":"73.46008301171878"},{"lat":"21.40065516914794","lng":"78.30505371484378"},{"lat":"20.106233605369603","lng":"77.37121582421878"},{"lat":"20.14749530904506","lng":"72.65808105859378"}]]},{"type":"polygon","title":"","content":"","fillColor":"#000000","fillOpacity":0.3,"strokeColor":"#000000","strokeOpacity":0.9,"strokeWeight":3,"paths":[[{"lat":"21.329035778926478","lng":"73.46008301171878"},{"lat":"21.40065516914794","lng":"78.30505371484378"},{"lat":"20.106233605369603","lng":"77.37121582421878"},{"lat":"20.14749530904506","lng":"72.65808105859378"}]]},{"type":"polygon","title":"","content":"","fillColor":"#000000","fillOpacity":0.3,"strokeColor":"#000000","strokeOpacity":0.9,"strokeWeight":3,"paths":[[{"lat":"21.329035778926478","lng":"73.46008301171878"},{"lat":"21.40065516914794","lng":"78.30505371484378"},{"lat":"20.106233605369603","lng":"77.37121582421878"},{"lat":"20.14749530904506","lng":"72.65808105859378"}]]},{"type":"polygon","title":"","content":"","fillColor":"#000000","fillOpacity":0.3,"strokeColor":"#000000","strokeOpacity":0.9,"strokeWeight":3,"paths":[[{"lat":"21.329035778926478","lng":"73.46008301171878"},{"lat":"21.40065516914794","lng":"78.30505371484378"},{"lat":"20.106233605369603","lng":"77.37121582421878"},{"lat":"20.14749530904506","lng":"72.65808105859378"}]]},{"type":"polygon","title":"","content":"","fillColor":"#000000","fillOpacity":0.3,"strokeColor":"#000000","strokeOpacity":0.9,"strokeWeight":3,"paths":[[{"lat":"21.329035778926478","lng":"73.46008301171878"},{"lat":"21.40065516914794","lng":"78.30505371484378"},{"lat":"20.106233605369603","lng":"77.37121582421878"},{"lat":"20.14749530904506","lng":"72.65808105859378"}]]},{"type":"polyline","title":"","content":"","strokeColor":"#000000","strokeOpacity":1,"strokeWeight":3,"path":[{"lat":"57.25230918976634","lng":"-3.40576171875"},{"lat":"57.18985535714817","lng":"-2.3675537109375"},{"lat":"57.504020175224646","lng":"-2.3455810546875"},{"lat":"57.58655886615978","lng":"-3.3013916015625"},{"lat":"57.25230918976634","lng":"-3.40576171875"}]}]}', '<?xml version="1.0" encoding="UTF-8" ?>\r\n<kml xmlns="http://www.opengis.net/kml/2.2">\r\n  <Document>\r\n    <Placemark>\r\n      <name><![CDATA[]]></name>\r\n      <description><![CDATA[]]></description>\r\n      <Polygon>\r\n        <extrude>1</extrude>\r\n        <altitudeMode>relativeToGround</altitudeMode>\r\n        <outerBoundaryIs>\r\n          <LinearRing>\r\n            <coordinates>\r\n              73.46008301171878,21.329035778926478,0\r\n              78.30505371484378,21.40065516914794,0\r\n              77.37121582421878,20.106233605369603,0\r\n              72.65808105859378,20.14749530904506,0\r\n            </coordinates>\r\n          </LinearRing>\r\n        </outerBoundaryIs>\r\n      </Polygon>\r\n    </Placemark>\r\n    <Placemark>\r\n      <name><![CDATA[]]></name>\r\n      <description><![CDATA[]]></description>\r\n      <Polygon>\r\n        <extrude>1</extrude>\r\n        <altitudeMode>relativeToGround</altitudeMode>\r\n        <outerBoundaryIs>\r\n          <LinearRing>\r\n            <coordinates>\r\n              73.46008301171878,21.329035778926478,0\r\n              78.30505371484378,21.40065516914794,0\r\n              77.37121582421878,20.106233605369603,0\r\n              72.65808105859378,20.14749530904506,0\r\n            </coordinates>\r\n          </LinearRing>\r\n        </outerBoundaryIs>\r\n      </Polygon>\r\n    </Placemark>\r\n    <Placemark>\r\n      <name><![CDATA[]]></name>\r\n      <description><![CDATA[]]></description>\r\n      <Polygon>\r\n        <extrude>1</extrude>\r\n        <altitudeMode>relativeToGround</altitudeMode>\r\n        <outerBoundaryIs>\r\n          <LinearRing>\r\n            <coordinates>\r\n              73.46008301171878,21.329035778926478,0\r\n              78.30505371484378,21.40065516914794,0\r\n              77.37121582421878,20.106233605369603,0\r\n              72.65808105859378,20.14749530904506,0\r\n            </coordinates>\r\n          </LinearRing>\r\n        </outerBoundaryIs>\r\n      </Polygon>\r\n    </Placemark>\r\n    <Placemark>\r\n      <name><![CDATA[]]></name>\r\n      <description><![CDATA[]]></description>\r\n      <Polygon>\r\n        <extrude>1</extrude>\r\n        <altitudeMode>relativeToGround</altitudeMode>\r\n        <outerBoundaryIs>\r\n          <LinearRing>\r\n            <coordinates>\r\n              73.46008301171878,21.329035778926478,0\r\n              78.30505371484378,21.40065516914794,0\r\n              77.37121582421878,20.106233605369603,0\r\n              72.65808105859378,20.14749530904506,0\r\n            </coordinates>\r\n          </LinearRing>\r\n        </outerBoundaryIs>\r\n      </Polygon>\r\n    </Placemark>\r\n    <Placemark>\r\n      <name><![CDATA[]]></name>\r\n      <description><![CDATA[]]></description>\r\n      <Polygon>\r\n        <extrude>1</extrude>\r\n        <altitudeMode>relativeToGround</altitudeMode>\r\n        <outerBoundaryIs>\r\n          <LinearRing>\r\n            <coordinates>\r\n              73.46008301171878,21.329035778926478,0\r\n              78.30505371484378,21.40065516914794,0\r\n              77.37121582421878,20.106233605369603,0\r\n              72.65808105859378,20.14749530904506,0\r\n            </coordinates>\r\n          </LinearRing>\r\n        </outerBoundaryIs>\r\n      </Polygon>\r\n    </Placemark>\r\n    <Placemark>\r\n      <name><![CDATA[]]></name>\r\n      <description><![CDATA[]]></description>\r\n      <Polygon>\r\n        <extrude>1</extrude>\r\n        <altitudeMode>relativeToGround</altitudeMode>\r\n        <outerBoundaryIs>\r\n          <LinearRing>\r\n            <coordinates>\r\n              73.46008301171878,21.329035778926478,0\r\n              78.30505371484378,21.40065516914794,0\r\n              77.37121582421878,20.106233605369603,0\r\n              72.65808105859378,20.14749530904506,0\r\n            </coordinates>\r\n          </LinearRing>\r\n        </outerBoundaryIs>\r\n      </Polygon>\r\n    </Placemark>\r\n    <Placemark>\r\n      <name><![CDATA[]]></name>\r\n      <description><![CDATA[]]></description>\r\n      <Polygon>\r\n        <extrude>1</extrude>\r\n        <altitudeMode>relativeToGround</altitudeMode>\r\n        <outerBoundaryIs>\r\n          <LinearRing>\r\n            <coordinates>\r\n              73.46008301171878,21.329035778926478,0\r\n              78.30505371484378,21.40065516914794,0\r\n              77.37121582421878,20.106233605369603,0\r\n              72.65808105859378,20.14749530904506,0\r\n            </coordinates>\r\n          </LinearRing>\r\n        </outerBoundaryIs>\r\n      </Polygon>\r\n    </Placemark>\r\n    <Placemark>\r\n      <name><![CDATA[]]></name>\r\n      <description><![CDATA[]]></description>\r\n      <Polygon>\r\n        <extrude>1</extrude>\r\n        <altitudeMode>relativeToGround</altitudeMode>\r\n        <outerBoundaryIs>\r\n          <LinearRing>\r\n            <coordinates>\r\n              73.46008301171878,21.329035778926478,0\r\n              78.30505371484378,21.40065516914794,0\r\n              77.37121582421878,20.106233605369603,0\r\n              72.65808105859378,20.14749530904506,0\r\n            </coordinates>\r\n          </LinearRing>\r\n        </outerBoundaryIs>\r\n      </Polygon>\r\n    </Placemark>\r\n    <Placemark>\r\n      <name><![CDATA[]]></name>\r\n      <description><![CDATA[]]></description>\r\n      <LineString>\r\n        <extrude>1</extrude>\r\n        <altitudeMode>relativeToGround</altitudeMode>\r\n        <coordinates>\r\n          -3.40576171875,57.25230918976634,0\r\n          -2.3675537109375,57.18985535714817,0\r\n          -2.3455810546875,57.504020175224646,0\r\n          -3.3013916015625,57.58655886615978,0\r\n          -3.40576171875,57.25230918976634,0\r\n        </coordinates>\r\n      </LineString>\r\n    </Placemark>\r\n  </Document>\r\n</kml>'),
(197, 43, '{"zoom":9,"tilt":0,"mapTypeId":"roadmap","center":{"lat":57.36986590880041,"lng":-3.280792236328125},"overlays":[{"type":"polygon","title":"Catchment area","content":"","fillColor":"#0000ff","fillOpacity":0.24609375,"strokeColor":"#000000","strokeOpacity":0.99609375,"strokeWeight":1,"paths":[[{"lat":"57.55120803456644","lng":"-3.2958984375"},{"lat":"57.54829","lng":"-3.3274840000000268"},{"lat":"57.54383895665799","lng":"-3.363189697265625"},{"lat":"57.51656040692372","lng":"-3.41949462890625"},{"lat":"57.46415790200031","lng":"-3.475799560546875"},{"lat":"57.39170408045634","lng":"-3.530731201171875"},{"lat":"57.353941758590516","lng":"-3.55133056640625"},{"lat":"57.31984826984671","lng":"-3.563690185546875"},{"lat":"57.285723127223136","lng":"-3.55682373046875"},{"lat":"57.25750890469551","lng":"-3.548583984375"},{"lat":"57.227786363157286","lng":"-3.5321044921875"},{"lat":"57.20027167166257","lng":"-3.486785888671875"},{"lat":"57.19134358195087","lng":"-3.423614501953125"},{"lat":"57.18762290751651","lng":"-3.306884765625"},{"lat":"57.19506388163701","lng":"-3.236846923828125"},{"lat":"57.2151470252333","lng":"-3.234100341796875"},{"lat":"57.235948","lng":"-3.225296999999955"},{"lat":"57.25973712933438","lng":"-3.20526123046875"},{"lat":"57.279042764977774","lng":"-3.151702880859375"},{"lat":"57.282011964547515","lng":"-3.1036376953125"},{"lat":"57.28646531485516","lng":"-3.05145263671875"},{"lat":"57.30946570855315","lng":"-3.01025390625"},{"lat":"57.33022789911719","lng":"-2.997894287109375"},{"lat":"57.39540417660596","lng":"-3.00750732421875"},{"lat":"57.441993391526616","lng":"-3.017120361328125"},{"lat":"57.4671121550888","lng":"-3.02947998046875"},{"lat":"57.49221366670073","lng":"-3.043212890625"},{"lat":"57.514347738032804","lng":"-3.065185546875"},{"lat":"57.526884420651236","lng":"-3.083038330078125"},{"lat":"57.534256927023264","lng":"-3.110504150390625"},{"lat":"57.54310196689153","lng":"-3.179168701171875"},{"lat":"57.54973433821772","lng":"-3.247833251953125"},{"lat":"57.55120803456644","lng":"-3.2958984375"}]]},{"type":"polygon","title":"","content":"","fillColor":"#000000","fillOpacity":0.3,"strokeColor":"#000000","strokeOpacity":0.9,"strokeWeight":3,"paths":[[{"lat":"21.329035778926478","lng":"73.46008301171878"},{"lat":"21.40065516914794","lng":"78.30505371484378"},{"lat":"20.106233605369603","lng":"77.37121582421878"},{"lat":"20.14749530904506","lng":"72.65808105859378"}]]}]}', '<?xml version="1.0" encoding="UTF-8" ?>\r\n<kml xmlns="http://www.opengis.net/kml/2.2">\r\n  <Document>\r\n    <Placemark>\r\n      <name><![CDATA[Catchment area]]></name>\r\n      <description><![CDATA[]]></description>\r\n      <Polygon>\r\n        <extrude>1</extrude>\r\n        <altitudeMode>relativeToGround</altitudeMode>\r\n        <outerBoundaryIs>\r\n          <LinearRing>\r\n            <coordinates>\r\n              -3.2958984375,57.55120803456644,0\r\n              -3.3274840000000268,57.54829,0\r\n              -3.363189697265625,57.54383895665799,0\r\n              -3.41949462890625,57.51656040692372,0\r\n              -3.475799560546875,57.46415790200031,0\r\n              -3.530731201171875,57.39170408045634,0\r\n              -3.55133056640625,57.353941758590516,0\r\n              -3.563690185546875,57.31984826984671,0\r\n              -3.55682373046875,57.285723127223136,0\r\n              -3.548583984375,57.25750890469551,0\r\n              -3.5321044921875,57.227786363157286,0\r\n              -3.486785888671875,57.20027167166257,0\r\n              -3.423614501953125,57.19134358195087,0\r\n              -3.306884765625,57.18762290751651,0\r\n              -3.236846923828125,57.19506388163701,0\r\n              -3.234100341796875,57.2151470252333,0\r\n              -3.225296999999955,57.235948,0\r\n              -3.20526123046875,57.25973712933438,0\r\n              -3.151702880859375,57.279042764977774,0\r\n              -3.1036376953125,57.282011964547515,0\r\n              -3.05145263671875,57.28646531485516,0\r\n              -3.01025390625,57.30946570855315,0\r\n              -2.997894287109375,57.33022789911719,0\r\n              -3.00750732421875,57.39540417660596,0\r\n              -3.017120361328125,57.441993391526616,0\r\n              -3.02947998046875,57.4671121550888,0\r\n              -3.043212890625,57.49221366670073,0\r\n              -3.065185546875,57.514347738032804,0\r\n              -3.083038330078125,57.526884420651236,0\r\n              -3.110504150390625,57.534256927023264,0\r\n              -3.179168701171875,57.54310196689153,0\r\n              -3.247833251953125,57.54973433821772,0\r\n              -3.2958984375,57.55120803456644,0\r\n            </coordinates>\r\n          </LinearRing>\r\n        </outerBoundaryIs>\r\n      </Polygon>\r\n    </Placemark>\r\n    <Placemark>\r\n      <name><![CDATA[]]></name>\r\n      <description><![CDATA[]]></description>\r\n      <Polygon>\r\n        <extrude>1</extrude>\r\n        <altitudeMode>relativeToGround</altitudeMode>\r\n        <outerBoundaryIs>\r\n          <LinearRing>\r\n            <coordinates>\r\n              73.46008301171878,21.329035778926478,0\r\n              78.30505371484378,21.40065516914794,0\r\n              77.37121582421878,20.106233605369603,0\r\n              72.65808105859378,20.14749530904506,0\r\n            </coordinates>\r\n          </LinearRing>\r\n        </outerBoundaryIs>\r\n      </Polygon>\r\n    </Placemark>\r\n  </Document>\r\n</kml>');

-- --------------------------------------------------------

--
-- Table structure for table `operator`
--

CREATE TABLE `operator` (
  `operator_id` int(11) NOT NULL AUTO_INCREMENT,
  `name` varchar(100) DEFAULT NULL,
  `description` text,
  `user_id` int(11) NOT NULL,
  `how_to_book` text,
  `inactive` binary(1) DEFAULT '0',
  `inactive_from` date DEFAULT NULL,
  `inactive_to` date DEFAULT NULL,
  `last_update` datetime DEFAULT NULL,
  `type_of_permit` varchar(145) DEFAULT NULL,
  PRIMARY KEY (`operator_id`)
) ENGINE=InnoDB  DEFAULT CHARSET=latin1 AUTO_INCREMENT=71 ;

--
-- Dumping data for table `operator`
--

INSERT INTO `operator` (`operator_id`, `name`, `description`, `user_id`, `how_to_book`, `inactive`, `inactive_from`, `inactive_to`, `last_update`, `type_of_permit`) VALUES
(37, 'BABS bus service', 'Buckie accessible community bus scheme. Covers Buckie, Cullen, Fochabers and Keith areas. Provides fully trained passenger assistants.', 3, 'Office Telephone: (01542) 835800 BABS Dial-a-Bus Ltd 11 March Road East Buckie AB56 4BY', '1', NULL, NULL, '2015-09-29 12:04:51', NULL),
(38, 'BABS car service', 'Car hire with driver service.  Buckie, Cullen, Fochabers and Keith areas to Elgin and local hospitals. ', 3, 'Call us to book your trip. \r\nPhone: (01542) 835800', '0', NULL, NULL, '2015-05-06 11:57:28', NULL),
(39, 'Banffshire Partnership Dial a Bus', 'Wheelchair accessible door to door service', 3, 'contact us: \r The Old School, Boyndie, Banff. AB45 2JT Tel: 01261 843598 FFFax: 01261 843598 E-mail: bpl.transport@banffdab.org.uk', '0', NULL, NULL, '2015-05-06 12:06:48', NULL),
(40, 'M for Moray - Buckie service', 'Buckie area accessible on-demand bus.  ', 3, 'Contact us to book your trip. \r Dial M for Moray  Tel: 01343 562533 Email: transport@moray.gov.uk', '0', NULL, NULL, '2015-05-06 12:14:16', NULL),
(41, 'M for Moray - Forres service', 'Forres area accessible on-demand bus.', 3, 'Contact us to book your trip.\r Dial M for Moray  Tel: 01343 562533 Email: transport@moray.gov.uk', '0', NULL, NULL, '2015-05-06 12:20:52', NULL),
(42, 'M for Moray - Keith service', 'Keith area accessible on-demand bus.', 3, 'Contact us to book your trip.\r Dial M for Moray  Tel: 01343 562533 Email: transport@moray.gov.uk', '0', NULL, NULL, '2015-05-06 12:30:39', NULL),
(43, 'M for Moray - Speyside service', 'Speyside area accessible on-demand bus. ', 3, 'Contact us to book your trip.\r\n Dial M for Moray  Tel: 01343 562533 Email: transport@moray.gov.uk', '0', NULL, NULL, '2015-09-29 14:13:14', NULL),
(44, 'Turriff A2B service', 'Door to door service for those unable to use conventional PT.', 3, 'All journeys must be pre-booked by calling the dial-a-bus hotline on 01224 665599 between 9.30am and 3.30pm, Monday to Friday. To cancel a journey, please leave a message on the A2B cancellation line on 01224 665580, available 24 hrs a day', '0', NULL, NULL, '2015-05-06 12:43:09', NULL),
(64, 'THInC Transport', 'Travel bla bla bla', 3, 'Phone THInC  minimum 24 hours before trip...', '1', NULL, NULL, '2015-05-27 14:03:45', NULL),
(65, '', '', 3, '', '0', NULL, NULL, '2015-09-23 12:30:29', NULL),
(66, 'mujtaba test service', 'mujtaba test service', 3, 'mujtaba test service how to book', '0', NULL, NULL, '2015-09-23 17:20:28', NULL),
(67, 'mujtaba test service11', 'mujtaba test service112', 3, 'mujtaba test service1113', '0', NULL, NULL, '2015-09-23 17:27:26', NULL),
(68, 'test 111', 'test 111 description', 3, 'test 111 description', '0', NULL, NULL, '2015-09-28 16:04:16', NULL),
(69, 'new name 122', 'new name 1', 3, 'new name 123', '1', NULL, NULL, '2015-09-28 17:53:53', NULL),
(70, 'xyx', 'xyx', 3, 'xyx', '0', NULL, NULL, '2015-09-28 17:37:00', NULL);

-- --------------------------------------------------------

--
-- Table structure for table `operator_timetable`
--

CREATE TABLE `operator_timetable` (
  `id` int(11) NOT NULL AUTO_INCREMENT,
  `operator_id` int(11) NOT NULL,
  `day_of_week` varchar(12) NOT NULL,
  `session` varchar(15) DEFAULT NULL,
  `opening_time` time DEFAULT NULL,
  `closing_time` time DEFAULT NULL,
  PRIMARY KEY (`id`)
) ENGINE=InnoDB  DEFAULT CHARSET=latin1 AUTO_INCREMENT=2423 ;

--
-- Dumping data for table `operator_timetable`
--

INSERT INTO `operator_timetable` (`id`, `operator_id`, `day_of_week`, `session`, `opening_time`, `closing_time`) VALUES
(416, 36, 'Monday', 'Morning', '09:00:00', '13:00:00'),
(417, 36, 'Monday', 'Afternoon', '14:00:00', '17:00:00'),
(418, 36, 'Tuesday', 'Morning', '09:00:00', '13:00:00'),
(419, 36, 'Tuesday', 'Afternoon', '14:00:00', '17:00:00'),
(420, 36, 'Wednesday', 'Morning', '09:00:00', '13:00:00'),
(421, 36, 'Wednesday', 'Afternoon', '14:00:00', '17:00:00'),
(422, 36, 'Thursday', 'Morning', '09:00:00', '13:00:00'),
(423, 36, 'Thursday', 'Afternoon', '14:00:00', '17:00:00'),
(424, 36, 'Friday', 'Morning', '09:00:00', '13:00:00'),
(425, 36, 'Friday', 'Afternoon', '14:00:00', '17:00:00'),
(426, 36, 'Saturday', 'Morning', NULL, NULL),
(427, 36, 'Saturday', 'Afternoon', NULL, NULL),
(428, 36, 'Sunday', 'Morning', NULL, NULL),
(429, 36, 'Sunday', 'Afternoon', NULL, NULL),
(444, 38, 'Monday', 'Morning', '08:00:00', '18:00:00'),
(446, 38, 'Tuesday', 'Morning', '08:00:00', '18:00:00'),
(448, 38, 'Wednesday', 'Morning', '08:00:00', '18:00:00'),
(450, 38, 'Thursday', 'Morning', '08:00:00', '18:00:00'),
(452, 38, 'Friday', 'Morning', '08:00:00', '18:00:00'),
(454, 38, 'Saturday', 'Morning', NULL, NULL),
(455, 38, 'Saturday', 'Afternoon', NULL, NULL),
(456, 38, 'Sunday', 'Morning', NULL, NULL),
(457, 38, 'Sunday', 'Afternoon', NULL, NULL),
(458, 39, 'Monday', 'Morning', '09:00:00', '16:00:00'),
(459, 39, 'Monday', 'Afternoon', NULL, NULL),
(460, 39, 'Tuesday', 'Morning', '09:00:00', '16:00:00'),
(461, 39, 'Tuesday', 'Afternoon', NULL, NULL),
(462, 39, 'Wednesday', 'Morning', '09:00:00', '16:00:00'),
(463, 39, 'Wednesday', 'Afternoon', NULL, NULL),
(464, 39, 'Thursday', 'Morning', '09:00:00', '16:00:00'),
(465, 39, 'Thursday', 'Afternoon', NULL, NULL),
(466, 39, 'Friday', 'Morning', '09:00:00', '16:00:00'),
(467, 39, 'Friday', 'Afternoon', NULL, NULL),
(468, 39, 'Saturday', 'Morning', NULL, NULL),
(469, 39, 'Saturday', 'Afternoon', NULL, NULL),
(470, 39, 'Sunday', 'Morning', NULL, NULL),
(471, 39, 'Sunday', 'Afternoon', NULL, NULL),
(472, 40, 'Monday', 'Morning', '09:00:00', '14:30:00'),
(473, 40, 'Monday', 'Afternoon', NULL, NULL),
(474, 40, 'Tuesday', 'Morning', '09:00:00', '14:30:00'),
(475, 40, 'Tuesday', 'Afternoon', NULL, NULL),
(476, 40, 'Wednesday', 'Morning', '09:00:00', '14:30:00'),
(477, 40, 'Wednesday', 'Afternoon', NULL, NULL),
(478, 40, 'Thursday', 'Morning', '09:00:00', '14:30:00'),
(479, 40, 'Thursday', 'Afternoon', NULL, NULL),
(480, 40, 'Friday', 'Morning', '09:00:00', '14:30:00'),
(481, 40, 'Friday', 'Afternoon', NULL, NULL),
(482, 40, 'Saturday', 'Morning', NULL, NULL),
(483, 40, 'Saturday', 'Afternoon', NULL, NULL),
(484, 40, 'Sunday', 'Morning', NULL, NULL),
(485, 40, 'Sunday', 'Afternoon', NULL, NULL),
(486, 41, 'Monday', 'Morning', '08:00:00', '17:00:00'),
(487, 41, 'Monday', 'Afternoon', NULL, NULL),
(488, 41, 'Tuesday', 'Morning', '08:00:00', '17:00:00'),
(489, 41, 'Tuesday', 'Afternoon', NULL, NULL),
(490, 41, 'Wednesday', 'Morning', '08:00:00', '17:00:00'),
(491, 41, 'Wednesday', 'Afternoon', NULL, NULL),
(492, 41, 'Thursday', 'Morning', '08:00:00', '17:00:00'),
(493, 41, 'Thursday', 'Afternoon', NULL, NULL),
(494, 41, 'Friday', 'Morning', '08:00:00', '17:00:00'),
(495, 41, 'Friday', 'Afternoon', NULL, NULL),
(496, 41, 'Saturday', 'Morning', NULL, NULL),
(497, 41, 'Saturday', 'Afternoon', NULL, NULL),
(498, 41, 'Sunday', 'Morning', NULL, NULL),
(499, 41, 'Sunday', 'Afternoon', NULL, NULL),
(500, 42, 'Monday', 'Morning', '09:00:00', '14:15:00'),
(501, 42, 'Monday', 'Afternoon', NULL, NULL),
(502, 42, 'Tuesday', 'Morning', '09:00:00', '14:15:00'),
(503, 42, 'Tuesday', 'Afternoon', NULL, NULL),
(504, 42, 'Wednesday', 'Morning', '09:00:00', '14:15:00'),
(505, 42, 'Wednesday', 'Afternoon', NULL, NULL),
(506, 42, 'Thursday', 'Morning', '09:00:00', '14:15:00'),
(507, 42, 'Thursday', 'Afternoon', NULL, NULL),
(508, 42, 'Friday', 'Morning', '09:00:00', '14:15:00'),
(509, 42, 'Friday', 'Afternoon', NULL, NULL),
(510, 42, 'Saturday', 'Morning', NULL, NULL),
(511, 42, 'Saturday', 'Afternoon', NULL, NULL),
(512, 42, 'Sunday', 'Morning', NULL, NULL),
(513, 42, 'Sunday', 'Afternoon', NULL, NULL),
(528, 44, 'Monday', 'Morning', '09:30:00', '14:50:00'),
(529, 44, 'Monday', 'Afternoon', NULL, NULL),
(530, 44, 'Tuesday', 'Morning', '09:30:00', '14:50:00'),
(531, 44, 'Tuesday', 'Afternoon', NULL, NULL),
(532, 44, 'Wednesday', 'Morning', '09:30:00', '14:50:00'),
(533, 44, 'Wednesday', 'Afternoon', NULL, NULL),
(534, 44, 'Thursday', 'Morning', '09:30:00', '14:50:00'),
(535, 44, 'Thursday', 'Afternoon', NULL, NULL),
(536, 44, 'Friday', 'Morning', '09:30:00', '14:50:00'),
(537, 44, 'Friday', 'Afternoon', NULL, NULL),
(538, 44, 'Saturday', 'Morning', NULL, NULL),
(539, 44, 'Saturday', 'Afternoon', NULL, NULL),
(540, 44, 'Sunday', 'Morning', NULL, NULL),
(541, 44, 'Sunday', 'Afternoon', NULL, NULL),
(542, 45, 'Monday', 'Morning', '09:00:00', '12:00:00'),
(543, 45, 'Monday', 'Afternoon', '14:00:00', '17:00:00'),
(544, 45, 'Tuesday', 'Morning', '09:00:00', '12:00:00'),
(545, 45, 'Tuesday', 'Afternoon', '14:00:00', '17:00:00'),
(546, 45, 'Wednesday', 'Morning', '09:00:00', '12:00:00'),
(547, 45, 'Wednesday', 'Afternoon', '14:00:00', '17:00:00'),
(548, 45, 'Thursday', 'Morning', '09:00:00', '12:00:00'),
(549, 45, 'Thursday', 'Afternoon', '14:00:00', '17:00:00'),
(550, 45, 'Friday', 'Morning', '09:00:00', '12:00:00'),
(551, 45, 'Friday', 'Afternoon', '14:00:00', '17:00:00'),
(552, 45, 'Saturday', 'Morning', NULL, NULL),
(553, 45, 'Saturday', 'Afternoon', NULL, NULL),
(554, 45, 'Sunday', 'Morning', NULL, NULL),
(555, 45, 'Sunday', 'Afternoon', NULL, NULL),
(556, 46, 'Monday', 'Morning', '09:00:00', '13:00:00'),
(557, 46, 'Monday', 'Afternoon', '14:00:00', '17:00:00'),
(558, 46, 'Tuesday', 'Morning', '09:00:00', '13:00:00'),
(559, 46, 'Tuesday', 'Afternoon', '14:00:00', '17:00:00'),
(560, 46, 'Wednesday', 'Morning', '09:00:00', '13:00:00'),
(561, 46, 'Wednesday', 'Afternoon', '14:00:00', '17:00:00'),
(562, 46, 'Thursday', 'Morning', '09:00:00', '13:00:00'),
(563, 46, 'Thursday', 'Afternoon', '14:00:00', '17:00:00'),
(564, 46, 'Friday', 'Morning', '09:00:00', '13:00:00'),
(565, 46, 'Friday', 'Afternoon', '14:00:00', '17:00:00'),
(566, 46, 'Saturday', 'Morning', NULL, NULL),
(567, 46, 'Saturday', 'Afternoon', NULL, NULL),
(568, 46, 'Sunday', 'Morning', NULL, NULL),
(569, 46, 'Sunday', 'Afternoon', NULL, NULL),
(570, 47, 'Monday', 'Morning', '09:00:00', '13:00:00'),
(571, 47, 'Monday', 'Afternoon', '14:00:00', '17:00:00'),
(572, 47, 'Tuesday', 'Morning', '09:00:00', '13:00:00'),
(573, 47, 'Tuesday', 'Afternoon', '14:00:00', '17:00:00'),
(574, 47, 'Wednesday', 'Morning', '09:00:00', '13:00:00'),
(575, 47, 'Wednesday', 'Afternoon', '14:00:00', '17:00:00'),
(576, 47, 'Thursday', 'Morning', '09:00:00', '13:00:00'),
(577, 47, 'Thursday', 'Afternoon', '14:00:00', '17:00:00'),
(578, 47, 'Friday', 'Morning', '09:00:00', '13:00:00'),
(579, 47, 'Friday', 'Afternoon', '14:00:00', '17:00:00'),
(580, 47, 'Saturday', 'Morning', NULL, NULL),
(581, 47, 'Saturday', 'Afternoon', NULL, NULL),
(582, 47, 'Sunday', 'Morning', NULL, NULL),
(583, 47, 'Sunday', 'Afternoon', NULL, NULL),
(584, 48, 'Monday', 'Morning', '09:00:00', '14:00:00'),
(585, 48, 'Monday', 'Afternoon', NULL, NULL),
(586, 48, 'Tuesday', 'Morning', '09:00:00', '14:00:00'),
(587, 48, 'Tuesday', 'Afternoon', NULL, NULL),
(588, 48, 'Wednesday', 'Morning', '09:00:00', '14:00:00'),
(589, 48, 'Wednesday', 'Afternoon', NULL, NULL),
(590, 48, 'Thursday', 'Morning', '09:00:00', '14:00:00'),
(591, 48, 'Thursday', 'Afternoon', NULL, NULL),
(592, 48, 'Friday', 'Morning', '09:00:00', '14:00:00'),
(593, 48, 'Friday', 'Afternoon', NULL, NULL),
(594, 48, 'Saturday', 'Morning', NULL, NULL),
(595, 48, 'Saturday', 'Afternoon', NULL, NULL),
(596, 48, 'Sunday', 'Morning', NULL, NULL),
(597, 48, 'Sunday', 'Afternoon', NULL, NULL),
(598, 49, 'Monday', 'Morning', '09:00:00', '13:00:00'),
(599, 49, 'Monday', 'Afternoon', NULL, NULL),
(600, 49, 'Tuesday', 'Morning', '09:00:00', '13:00:00'),
(601, 49, 'Tuesday', 'Afternoon', NULL, NULL),
(602, 49, 'Wednesday', 'Morning', '09:00:00', '13:00:00'),
(603, 49, 'Wednesday', 'Afternoon', NULL, NULL),
(604, 49, 'Thursday', 'Morning', '09:00:00', '13:00:00'),
(605, 49, 'Thursday', 'Afternoon', NULL, NULL),
(606, 49, 'Friday', 'Morning', '09:00:00', '13:00:00'),
(607, 49, 'Friday', 'Afternoon', NULL, NULL),
(608, 49, 'Saturday', 'Morning', NULL, NULL),
(609, 49, 'Saturday', 'Afternoon', NULL, NULL),
(610, 49, 'Sunday', 'Morning', NULL, NULL),
(611, 49, 'Sunday', 'Afternoon', NULL, NULL),
(612, 50, 'Monday', 'Morning', '08:00:00', '16:00:00'),
(613, 50, 'Monday', 'Afternoon', NULL, NULL),
(614, 50, 'Tuesday', 'Morning', '08:00:00', '16:00:00'),
(615, 50, 'Tuesday', 'Afternoon', NULL, NULL),
(616, 50, 'Wednesday', 'Morning', '08:00:00', '16:00:00'),
(617, 50, 'Wednesday', 'Afternoon', NULL, NULL),
(618, 50, 'Thursday', 'Morning', '08:00:00', '16:00:00'),
(619, 50, 'Thursday', 'Afternoon', NULL, NULL),
(620, 50, 'Friday', 'Morning', '08:00:00', '16:00:00'),
(621, 50, 'Friday', 'Afternoon', NULL, NULL),
(622, 50, 'Saturday', 'Morning', NULL, NULL),
(623, 50, 'Saturday', 'Afternoon', NULL, NULL),
(624, 50, 'Sunday', 'Morning', NULL, NULL),
(625, 50, 'Sunday', 'Afternoon', NULL, NULL),
(626, 51, 'Monday', 'Morning', '09:00:00', '12:00:00'),
(627, 51, 'Monday', 'Afternoon', NULL, NULL),
(628, 51, 'Tuesday', 'Morning', '09:00:00', '12:00:00'),
(629, 51, 'Tuesday', 'Afternoon', NULL, NULL),
(630, 51, 'Wednesday', 'Morning', '09:00:00', '12:00:00'),
(631, 51, 'Wednesday', 'Afternoon', NULL, NULL),
(632, 51, 'Thursday', 'Morning', '09:00:00', '12:00:00'),
(633, 51, 'Thursday', 'Afternoon', NULL, NULL),
(634, 51, 'Friday', 'Morning', '09:00:00', '12:00:00'),
(635, 51, 'Friday', 'Afternoon', NULL, NULL),
(636, 51, 'Saturday', 'Morning', NULL, NULL),
(637, 51, 'Saturday', 'Afternoon', NULL, NULL),
(638, 51, 'Sunday', 'Morning', NULL, NULL),
(639, 51, 'Sunday', 'Afternoon', NULL, NULL),
(640, 52, 'Monday', 'Morning', '09:00:00', '12:00:00'),
(641, 52, 'Monday', 'Afternoon', NULL, NULL),
(642, 52, 'Tuesday', 'Morning', '09:00:00', '12:00:00'),
(643, 52, 'Tuesday', 'Afternoon', NULL, NULL),
(644, 52, 'Wednesday', 'Morning', '09:00:00', '12:00:00'),
(645, 52, 'Wednesday', 'Afternoon', NULL, NULL),
(646, 52, 'Thursday', 'Morning', '09:00:00', '12:00:00'),
(647, 52, 'Thursday', 'Afternoon', NULL, NULL),
(648, 52, 'Friday', 'Morning', '09:00:00', '12:00:00'),
(649, 52, 'Friday', 'Afternoon', NULL, NULL),
(650, 52, 'Saturday', 'Morning', NULL, NULL),
(651, 52, 'Saturday', 'Afternoon', NULL, NULL),
(652, 52, 'Sunday', 'Morning', NULL, NULL),
(653, 52, 'Sunday', 'Afternoon', NULL, NULL),
(654, 53, 'Monday', 'Morning', '09:00:00', '14:00:00'),
(655, 53, 'Monday', 'Afternoon', NULL, NULL),
(656, 53, 'Tuesday', 'Morning', '09:00:00', '14:00:00'),
(657, 53, 'Tuesday', 'Afternoon', NULL, NULL),
(658, 53, 'Wednesday', 'Morning', '09:00:00', '14:00:00'),
(659, 53, 'Wednesday', 'Afternoon', NULL, NULL),
(660, 53, 'Thursday', 'Morning', '09:00:00', '14:00:00'),
(661, 53, 'Thursday', 'Afternoon', NULL, NULL),
(662, 53, 'Friday', 'Morning', '09:00:00', '14:00:00'),
(663, 53, 'Friday', 'Afternoon', NULL, NULL),
(664, 53, 'Saturday', 'Morning', NULL, NULL),
(665, 53, 'Saturday', 'Afternoon', NULL, NULL),
(666, 53, 'Sunday', 'Morning', NULL, NULL),
(667, 53, 'Sunday', 'Afternoon', NULL, NULL),
(668, 54, 'Monday', 'Morning', '09:00:00', '14:00:00'),
(669, 54, 'Monday', 'Afternoon', NULL, NULL),
(670, 54, 'Tuesday', 'Morning', '09:00:00', '14:00:00'),
(671, 54, 'Tuesday', 'Afternoon', NULL, NULL),
(672, 54, 'Wednesday', 'Morning', '09:00:00', '14:00:00'),
(673, 54, 'Wednesday', 'Afternoon', NULL, NULL),
(674, 54, 'Thursday', 'Morning', '09:00:00', '14:00:00'),
(675, 54, 'Thursday', 'Afternoon', NULL, NULL),
(676, 54, 'Friday', 'Morning', '09:00:00', '14:00:00'),
(677, 54, 'Friday', 'Afternoon', NULL, NULL),
(678, 54, 'Saturday', 'Morning', NULL, NULL),
(679, 54, 'Saturday', 'Afternoon', NULL, NULL),
(680, 54, 'Sunday', 'Morning', NULL, NULL),
(681, 54, 'Sunday', 'Afternoon', NULL, NULL),
(682, 55, 'Monday', 'Morning', NULL, NULL),
(683, 55, 'Monday', 'Afternoon', NULL, NULL),
(684, 55, 'Tuesday', 'Morning', NULL, NULL),
(685, 55, 'Tuesday', 'Afternoon', NULL, NULL),
(686, 55, 'Wednesday', 'Morning', NULL, NULL),
(687, 55, 'Wednesday', 'Afternoon', NULL, NULL),
(688, 55, 'Thursday', 'Morning', NULL, NULL),
(689, 55, 'Thursday', 'Afternoon', NULL, NULL),
(690, 55, 'Friday', 'Morning', NULL, NULL),
(691, 55, 'Friday', 'Afternoon', NULL, NULL),
(692, 55, 'Saturday', 'Morning', NULL, NULL),
(693, 55, 'Saturday', 'Afternoon', NULL, NULL),
(694, 55, 'Sunday', 'Morning', NULL, NULL),
(695, 55, 'Sunday', 'Afternoon', NULL, NULL),
(696, 56, 'Monday', 'Morning', '09:00:00', '13:00:00'),
(697, 56, 'Monday', 'Afternoon', '14:00:00', '17:00:00'),
(698, 56, 'Tuesday', 'Morning', '09:00:00', '13:00:00'),
(699, 56, 'Tuesday', 'Afternoon', '14:00:00', '17:00:00'),
(700, 56, 'Wednesday', 'Morning', '09:00:00', '13:00:00'),
(701, 56, 'Wednesday', 'Afternoon', '14:00:00', '17:00:00'),
(702, 56, 'Thursday', 'Morning', '09:00:00', '13:00:00'),
(703, 56, 'Thursday', 'Afternoon', '14:00:00', '17:00:00'),
(704, 56, 'Friday', 'Morning', '09:00:00', '13:00:00'),
(705, 56, 'Friday', 'Afternoon', '14:00:00', '17:00:00'),
(706, 56, 'Saturday', 'Morning', NULL, NULL),
(707, 56, 'Saturday', 'Afternoon', NULL, NULL),
(708, 56, 'Sunday', 'Morning', NULL, NULL),
(709, 56, 'Sunday', 'Afternoon', NULL, NULL),
(710, 57, 'Monday', 'Morning', '09:00:00', '12:00:00'),
(711, 57, 'Monday', 'Afternoon', '14:00:00', '17:00:00'),
(712, 57, 'Tuesday', 'Morning', '09:00:00', '12:00:00'),
(713, 57, 'Tuesday', 'Afternoon', '14:00:00', '17:00:00'),
(714, 57, 'Wednesday', 'Morning', '09:00:00', '12:00:00'),
(715, 57, 'Wednesday', 'Afternoon', '14:00:00', '17:00:00'),
(716, 57, 'Thursday', 'Morning', '09:00:00', '12:00:00'),
(717, 57, 'Thursday', 'Afternoon', '14:00:00', '17:00:00'),
(718, 57, 'Friday', 'Morning', '09:00:00', '12:00:00'),
(719, 57, 'Friday', 'Afternoon', '14:00:00', '17:00:00'),
(720, 57, 'Saturday', 'Morning', NULL, NULL),
(721, 57, 'Saturday', 'Afternoon', NULL, NULL),
(722, 57, 'Sunday', 'Morning', NULL, NULL),
(723, 57, 'Sunday', 'Afternoon', NULL, NULL),
(724, 58, 'Monday', 'Morning', '09:00:00', '12:00:00'),
(725, 58, 'Monday', 'Afternoon', '14:00:00', '17:00:00'),
(726, 58, 'Tuesday', 'Morning', '09:00:00', '12:00:00'),
(727, 58, 'Tuesday', 'Afternoon', '14:00:00', '17:00:00'),
(728, 58, 'Wednesday', 'Morning', '09:00:00', '12:00:00'),
(729, 58, 'Wednesday', 'Afternoon', '14:00:00', '17:00:00'),
(730, 58, 'Thursday', 'Morning', '09:00:00', '12:00:00'),
(731, 58, 'Thursday', 'Afternoon', '14:00:00', '17:00:00'),
(732, 58, 'Friday', 'Morning', '09:00:00', '12:00:00'),
(733, 58, 'Friday', 'Afternoon', '14:00:00', '17:00:00'),
(734, 58, 'Saturday', 'Morning', NULL, NULL),
(735, 58, 'Saturday', 'Afternoon', NULL, NULL),
(736, 58, 'Sunday', 'Morning', NULL, NULL),
(737, 58, 'Sunday', 'Afternoon', NULL, NULL),
(738, 59, 'Monday', 'Morning', '09:00:00', '13:00:00'),
(739, 59, 'Monday', 'Afternoon', '14:00:00', '17:00:00'),
(740, 59, 'Tuesday', 'Morning', '09:00:00', '13:00:00'),
(741, 59, 'Tuesday', 'Afternoon', '14:00:00', '17:00:00'),
(742, 59, 'Wednesday', 'Morning', '09:00:00', '13:00:00'),
(743, 59, 'Wednesday', 'Afternoon', '14:00:00', '17:00:00'),
(744, 59, 'Thursday', 'Morning', '09:00:00', '13:00:00'),
(745, 59, 'Thursday', 'Afternoon', '14:00:00', '17:00:00'),
(746, 59, 'Friday', 'Morning', '09:00:00', '13:00:00'),
(747, 59, 'Friday', 'Afternoon', '14:00:00', '17:00:00'),
(748, 59, 'Saturday', 'Morning', NULL, NULL),
(749, 59, 'Saturday', 'Afternoon', NULL, NULL),
(750, 59, 'Sunday', 'Morning', NULL, NULL),
(751, 59, 'Sunday', 'Afternoon', NULL, NULL),
(752, 60, 'Monday', 'Morning', NULL, NULL),
(753, 60, 'Monday', 'Afternoon', NULL, NULL),
(754, 60, 'Tuesday', 'Morning', NULL, NULL),
(755, 60, 'Tuesday', 'Afternoon', NULL, NULL),
(756, 60, 'Wednesday', 'Morning', NULL, NULL),
(757, 60, 'Wednesday', 'Afternoon', NULL, NULL),
(758, 60, 'Thursday', 'Morning', NULL, NULL),
(759, 60, 'Thursday', 'Afternoon', NULL, NULL),
(760, 60, 'Friday', 'Morning', NULL, NULL),
(761, 60, 'Friday', 'Afternoon', NULL, NULL),
(762, 60, 'Saturday', 'Morning', NULL, NULL),
(763, 60, 'Saturday', 'Afternoon', NULL, NULL),
(764, 60, 'Sunday', 'Morning', NULL, NULL),
(765, 60, 'Sunday', 'Afternoon', NULL, NULL),
(766, 61, 'Monday', 'Morning', '09:00:00', '17:00:00'),
(767, 61, 'Monday', 'Afternoon', NULL, NULL),
(768, 61, 'Tuesday', 'Morning', '09:00:00', '17:00:00'),
(769, 61, 'Tuesday', 'Afternoon', NULL, NULL),
(770, 61, 'Wednesday', 'Morning', '09:00:00', '17:00:00'),
(771, 61, 'Wednesday', 'Afternoon', NULL, NULL),
(772, 61, 'Thursday', 'Morning', '09:00:00', '17:00:00'),
(773, 61, 'Thursday', 'Afternoon', NULL, NULL),
(774, 61, 'Friday', 'Morning', '09:00:00', '17:00:00'),
(775, 61, 'Friday', 'Afternoon', NULL, NULL),
(776, 61, 'Saturday', 'Morning', NULL, NULL),
(777, 61, 'Saturday', 'Afternoon', NULL, NULL),
(778, 61, 'Sunday', 'Morning', NULL, NULL),
(779, 61, 'Sunday', 'Afternoon', NULL, NULL),
(780, 62, 'Monday', 'Morning', '09:00:00', '17:00:00'),
(781, 62, 'Monday', 'Afternoon', NULL, NULL),
(782, 62, 'Tuesday', 'Morning', '09:00:00', '17:00:00'),
(783, 62, 'Tuesday', 'Afternoon', NULL, NULL),
(784, 62, 'Wednesday', 'Morning', '09:00:00', '17:00:00'),
(785, 62, 'Wednesday', 'Afternoon', NULL, NULL),
(786, 62, 'Thursday', 'Morning', '09:00:00', '17:00:00'),
(787, 62, 'Thursday', 'Afternoon', NULL, NULL),
(788, 62, 'Friday', 'Morning', '09:00:00', '17:00:00'),
(789, 62, 'Friday', 'Afternoon', NULL, NULL),
(790, 62, 'Saturday', 'Morning', NULL, NULL),
(791, 62, 'Saturday', 'Afternoon', NULL, NULL),
(792, 62, 'Sunday', 'Morning', NULL, NULL),
(793, 62, 'Sunday', 'Afternoon', NULL, NULL),
(794, 63, 'Monday', 'Morning', '09:00:00', '17:00:00'),
(795, 63, 'Monday', 'Afternoon', NULL, NULL),
(796, 63, 'Tuesday', 'Morning', '09:00:00', '17:00:00'),
(797, 63, 'Tuesday', 'Afternoon', NULL, NULL),
(798, 63, 'Wednesday', 'Morning', '09:00:00', '17:00:00'),
(799, 63, 'Wednesday', 'Afternoon', NULL, NULL),
(800, 63, 'Thursday', 'Morning', '09:00:00', '17:00:00'),
(801, 63, 'Thursday', 'Afternoon', NULL, NULL),
(802, 63, 'Friday', 'Morning', '09:00:00', '17:00:00'),
(803, 63, 'Friday', 'Afternoon', NULL, NULL),
(804, 63, 'Saturday', 'Morning', NULL, NULL),
(805, 63, 'Saturday', 'Afternoon', NULL, NULL),
(806, 63, 'Sunday', 'Morning', NULL, NULL),
(807, 63, 'Sunday', 'Afternoon', NULL, NULL),
(808, 64, 'Monday', 'Morning', '08:30:00', '17:00:00'),
(809, 64, 'Monday', 'Afternoon', NULL, NULL),
(810, 64, 'Tuesday', 'Morning', '08:30:00', '17:00:00'),
(811, 64, 'Tuesday', 'Afternoon', NULL, NULL),
(812, 64, 'Wednesday', 'Morning', '08:30:00', '17:00:00'),
(813, 64, 'Wednesday', 'Afternoon', NULL, NULL),
(814, 64, 'Thursday', 'Morning', '08:30:00', '17:00:00'),
(815, 64, 'Thursday', 'Afternoon', NULL, NULL),
(816, 64, 'Friday', 'Morning', '08:30:00', '17:00:00'),
(817, 64, 'Friday', 'Afternoon', NULL, NULL),
(818, 64, 'Saturday', 'Morning', NULL, NULL),
(819, 64, 'Saturday', 'Afternoon', NULL, NULL),
(820, 64, 'Sunday', 'Morning', NULL, NULL),
(821, 64, 'Sunday', 'Afternoon', NULL, NULL),
(822, 65, 'Monday', 'Morning', NULL, NULL),
(823, 65, 'Monday', 'Afternoon', NULL, NULL),
(824, 65, 'Tuesday', 'Morning', NULL, NULL),
(825, 65, 'Tuesday', 'Afternoon', NULL, NULL),
(826, 65, 'Wednesday', 'Morning', NULL, NULL),
(827, 65, 'Wednesday', 'Afternoon', NULL, NULL),
(828, 65, 'Thursday', 'Morning', NULL, NULL),
(829, 65, 'Thursday', 'Afternoon', NULL, NULL),
(830, 65, 'Friday', 'Morning', NULL, NULL),
(831, 65, 'Friday', 'Afternoon', NULL, NULL),
(832, 65, 'Saturday', 'Morning', NULL, NULL),
(833, 65, 'Saturday', 'Afternoon', NULL, NULL),
(834, 65, 'Sunday', 'Morning', NULL, NULL),
(835, 65, 'Sunday', 'Afternoon', NULL, NULL),
(850, 67, 'Monday', 'Morning', '11:00:00', '11:00:00'),
(851, 67, 'Monday', 'Afternoon', '12:11:00', '12:11:00'),
(852, 67, 'Tuesday', 'Morning', NULL, NULL),
(853, 67, 'Tuesday', 'Afternoon', NULL, NULL),
(854, 67, 'Wednesday', 'Morning', NULL, NULL),
(855, 67, 'Wednesday', 'Afternoon', NULL, NULL),
(856, 67, 'Thursday', 'Morning', NULL, NULL),
(857, 67, 'Thursday', 'Afternoon', NULL, NULL),
(858, 67, 'Friday', 'Morning', NULL, NULL),
(859, 67, 'Friday', 'Afternoon', NULL, NULL),
(860, 67, 'Saturday', 'Morning', NULL, NULL),
(861, 67, 'Saturday', 'Afternoon', NULL, NULL),
(862, 67, 'Sunday', 'Morning', NULL, NULL),
(863, 67, 'Sunday', 'Afternoon', NULL, NULL),
(2129, 68, 'Monday', 'Morning', NULL, NULL),
(2130, 68, 'Monday', 'Afternoon', NULL, NULL),
(2131, 68, 'Tuesday', 'Morning', NULL, NULL),
(2132, 68, 'Tuesday', 'Afternoon', NULL, NULL),
(2133, 68, 'Wednesday', 'Morning', NULL, NULL),
(2134, 68, 'Wednesday', 'Afternoon', NULL, NULL),
(2135, 68, 'Thursday', 'Morning', NULL, NULL),
(2136, 68, 'Thursday', 'Afternoon', NULL, NULL),
(2137, 68, 'Friday', 'Morning', NULL, NULL),
(2138, 68, 'Friday', 'Afternoon', NULL, NULL),
(2139, 68, 'Saturday', 'Morning', NULL, NULL),
(2140, 68, 'Saturday', 'Afternoon', NULL, NULL),
(2141, 68, 'Sunday', 'Morning', NULL, NULL),
(2142, 68, 'Sunday', 'Afternoon', NULL, NULL),
(2185, 70, 'Monday', 'Morning', NULL, NULL),
(2186, 70, 'Monday', 'Afternoon', NULL, NULL),
(2187, 70, 'Tuesday', 'Morning', NULL, NULL),
(2188, 70, 'Tuesday', 'Afternoon', NULL, NULL),
(2189, 70, 'Wednesday', 'Morning', NULL, NULL),
(2190, 70, 'Wednesday', 'Afternoon', NULL, NULL),
(2191, 70, 'Thursday', 'Morning', NULL, NULL),
(2192, 70, 'Thursday', 'Afternoon', NULL, NULL),
(2193, 70, 'Friday', 'Morning', NULL, NULL),
(2194, 70, 'Friday', 'Afternoon', NULL, NULL),
(2195, 70, 'Saturday', 'Morning', NULL, NULL),
(2196, 70, 'Saturday', 'Afternoon', NULL, NULL),
(2197, 70, 'Sunday', 'Morning', NULL, NULL),
(2198, 70, 'Sunday', 'Afternoon', NULL, NULL),
(2311, 69, 'Monday', 'Morning', '12:00:00', '11:00:00'),
(2312, 69, 'Monday', 'Afternoon', '11:00:00', '02:00:00'),
(2313, 69, 'Tuesday', 'Morning', '12:00:00', '11:00:00'),
(2314, 69, 'Tuesday', 'Afternoon', '11:00:00', '02:00:00'),
(2315, 69, 'Wednesday', 'Morning', '12:00:00', '11:00:00'),
(2316, 69, 'Wednesday', 'Afternoon', '11:00:00', '02:00:00'),
(2317, 69, 'Thursday', 'Morning', '12:00:00', '11:00:00'),
(2318, 69, 'Thursday', 'Afternoon', '11:00:00', '02:00:00'),
(2319, 69, 'Friday', 'Morning', '12:00:00', '11:00:00'),
(2320, 69, 'Friday', 'Afternoon', '11:00:00', '02:00:00'),
(2321, 69, 'Saturday', 'Morning', NULL, NULL),
(2322, 69, 'Saturday', 'Afternoon', NULL, NULL),
(2323, 69, 'Sunday', 'Morning', NULL, NULL),
(2324, 69, 'Sunday', 'Afternoon', NULL, NULL),
(2395, 37, 'Monday', 'Morning', '11:00:00', '19:00:00'),
(2396, 37, 'Monday', 'Afternoon', NULL, NULL),
(2397, 37, 'Tuesday', 'Morning', '11:00:00', '19:00:00'),
(2398, 37, 'Tuesday', 'Afternoon', '02:00:00', '20:00:00'),
(2399, 37, 'Wednesday', 'Morning', '11:00:00', '19:00:00'),
(2400, 37, 'Wednesday', 'Afternoon', NULL, NULL),
(2401, 37, 'Thursday', 'Morning', '11:00:00', '19:00:00'),
(2402, 37, 'Thursday', 'Afternoon', NULL, NULL),
(2403, 37, 'Friday', 'Morning', '11:00:00', '19:00:00'),
(2404, 37, 'Friday', 'Afternoon', NULL, NULL),
(2405, 37, 'Saturday', 'Morning', NULL, NULL),
(2406, 37, 'Saturday', 'Afternoon', NULL, NULL),
(2407, 37, 'Sunday', 'Morning', NULL, NULL),
(2408, 37, 'Sunday', 'Afternoon', NULL, NULL),
(2409, 43, 'Monday', 'Morning', '09:00:00', '14:30:00'),
(2410, 43, 'Monday', 'Afternoon', '16:00:00', '18:00:00'),
(2411, 43, 'Tuesday', 'Morning', '09:00:00', '14:30:00'),
(2412, 43, 'Tuesday', 'Afternoon', '16:00:00', '18:00:00'),
(2413, 43, 'Wednesday', 'Morning', '09:00:00', '14:30:00'),
(2414, 43, 'Wednesday', 'Afternoon', '16:00:00', '18:00:00'),
(2415, 43, 'Thursday', 'Morning', '09:00:00', '14:30:00'),
(2416, 43, 'Thursday', 'Afternoon', '16:00:00', '18:00:00'),
(2417, 43, 'Friday', 'Morning', '09:00:00', '14:30:00'),
(2418, 43, 'Friday', 'Afternoon', '16:00:00', '18:00:00'),
(2419, 43, 'Saturday', 'Morning', NULL, NULL),
(2420, 43, 'Saturday', 'Afternoon', NULL, NULL),
(2421, 43, 'Sunday', 'Morning', NULL, NULL),
(2422, 43, 'Sunday', 'Afternoon', NULL, NULL);

-- --------------------------------------------------------

--
-- Table structure for table `other_elig`
--

CREATE TABLE `other_elig` (
  `id` int(11) NOT NULL AUTO_INCREMENT,
  `operator_id` int(11) NOT NULL,
  `elig` varchar(50) NOT NULL,
  `description` varchar(250) DEFAULT NULL,
  PRIMARY KEY (`id`)
) ENGINE=InnoDB  DEFAULT CHARSET=latin1 AUTO_INCREMENT=2 ;

--
-- Dumping data for table `other_elig`
--

INSERT INTO `other_elig` (`id`, `operator_id`, `elig`, `description`) VALUES
(1, 56, 'cancer patients', NULL);

-- --------------------------------------------------------

--
-- Table structure for table `passenger_elig`
--

CREATE TABLE `passenger_elig` (
  `id` int(11) NOT NULL AUTO_INCREMENT,
  `operator_id` int(11) NOT NULL,
  `user_id` int(11) DEFAULT NULL,
  `age_under16` bit(1) NOT NULL,
  `age_17to21` bit(1) NOT NULL,
  `age_22to54` bit(1) NOT NULL,
  `age_55to59` bit(1) NOT NULL,
  `age_over60` bit(1) NOT NULL,
  `able_bodied` bit(1) NOT NULL,
  `mobility_prevents_PT` bit(1) NOT NULL,
  `disable_wheelchair_user` bit(1) NOT NULL,
  `disable_other` bit(1) NOT NULL,
  `health_appointment` bit(1) NOT NULL,
  `social_care` bit(1) NOT NULL,
  `shopping` bit(1) NOT NULL,
  `leisure_or_visiting_friends` bit(1) NOT NULL,
  `school_or_education` bit(1) NOT NULL,
  `work_or_commuting` bit(1) NOT NULL,
  `other_purpose` bit(1) NOT NULL,
  `cant_live_on_a_bus_route` bit(1) NOT NULL,
  `elig_radioBtns` varchar(1) DEFAULT NULL,
  `explain_opening_up_elig` varchar(500) DEFAULT NULL,
  PRIMARY KEY (`id`)
) ENGINE=InnoDB  DEFAULT CHARSET=latin1 AUTO_INCREMENT=53 ;

--
-- Dumping data for table `passenger_elig`
--

INSERT INTO `passenger_elig` (`id`, `operator_id`, `user_id`, `age_under16`, `age_17to21`, `age_22to54`, `age_55to59`, `age_over60`, `able_bodied`, `mobility_prevents_PT`, `disable_wheelchair_user`, `disable_other`, `health_appointment`, `social_care`, `shopping`, `leisure_or_visiting_friends`, `school_or_education`, `work_or_commuting`, `other_purpose`, `cant_live_on_a_bus_route`, `elig_radioBtns`, `explain_opening_up_elig`) VALUES
(24, 36, 0, '', '', '', '', '', '', '', '', '', '', '', '', '', '', '', '', '\0', '1', NULL),
(25, 37, 0, '\0', '\0', '\0', '\0', '\0', '\0', '\0', '\0', '\0', '\0', '\0', '\0', '\0', '\0', '\0', '\0', '\0', '1', 'this is test'),
(26, 38, 0, '', '', '', '', '', '', '', '', '', '', '\0', '', '\0', '\0', '\0', '\0', '\0', '1', ''),
(27, 39, 0, '', '', '', '', '', '\0', '', '', '\0', '\0', '', '', '\0', '\0', '\0', '\0', '\0', '1', ''),
(28, 40, 0, '', '', '', '', '', '', '', '', '', '', '', '', '', '', '', '', '\0', '1', ''),
(29, 41, 0, '', '', '', '', '', '', '', '', '', '', '', '', '', '', '', '', '\0', '1', ''),
(30, 42, 0, '', '', '', '', '', '', '', '', '', '', '', '', '', '', '', '', '\0', '1', ''),
(31, 43, 0, '', '', '', '', '', '', '', '', '', '', '', '', '', '', '', '', '\0', '1', ''),
(32, 44, 0, '\0', '\0', '\0', '\0', '', '\0', '', '', '', '', '', '', '', '', '', '', '\0', '1', ''),
(33, 45, 0, '', '', '', '', '', '', '', '', '', '', '', '', '', '', '', '', '\0', '1', ''),
(34, 53, 0, '\0', '\0', '\0', '\0', '\0', '\0', '\0', '\0', '\0', '\0', '\0', '\0', '\0', '\0', '\0', '\0', '\0', '1', ''),
(35, 54, 0, '\0', '\0', '\0', '\0', '', '', '', '', '', '\0', '', '', '\0', '\0', '\0', '\0', '\0', '1', ''),
(36, 55, 0, '\0', '\0', '\0', '\0', '\0', '\0', '\0', '\0', '\0', '\0', '\0', '\0', '\0', '\0', '\0', '\0', '\0', '1', ''),
(37, 56, 0, '', '', '', '', '', '', '', '', '', '', '', '', '', '', '', '\0', '\0', '1', ''),
(38, 57, 0, '', '\0', '\0', '\0', '\0', '\0', '', '\0', '\0', '\0', '', '\0', '\0', '\0', '\0', '\0', '\0', '1', ''),
(39, 58, 0, '', '', '', '', '', '', '', '', '', '', '', '', '', '', '', '', '\0', '1', ''),
(40, 59, 0, '', '', '', '', '', '', '', '', '', '', '', '', '', '', '', '\0', '\0', '1', ''),
(41, 60, 0, '\0', '\0', '\0', '\0', '\0', '\0', '\0', '\0', '\0', '\0', '\0', '\0', '\0', '\0', '\0', '\0', '\0', '1', ''),
(42, 61, 0, '', '', '', '', '', '', '', '', '', '', '', '', '', '', '', '', '\0', '1', ''),
(43, 62, 0, '', '', '', '', '', '', '', '', '', '', '', '', '', '', '', '', '\0', '1', ''),
(44, 63, 0, '', '', '', '', '', '', '', '', '', '', '', '', '', '', '', '', '\0', '1', ''),
(45, 0, 0, '\0', '\0', '\0', '', '', '\0', '', '', '', '', '\0', '\0', '\0', '\0', '\0', '\0', '\0', '0', NULL),
(46, 64, 0, '\0', '\0', '\0', '', '', '\0', '', '', '', '', '\0', '\0', '\0', '\0', '\0', '\0', '\0', '1', ''),
(47, 65, 0, '\0', '\0', '\0', '\0', '\0', '\0', '\0', '\0', '\0', '\0', '\0', '\0', '\0', '\0', '\0', '\0', '\0', '1', ''),
(48, 66, 0, '\0', '\0', '\0', '\0', '\0', '\0', '\0', '\0', '\0', '\0', '\0', '\0', '\0', '\0', '\0', '\0', '\0', '1', ''),
(49, 67, 0, '\0', '\0', '\0', '\0', '\0', '\0', '\0', '\0', '\0', '\0', '\0', '\0', '\0', '\0', '\0', '\0', '\0', '1', ''),
(50, 68, 0, '\0', '\0', '\0', '\0', '\0', '\0', '\0', '\0', '\0', '\0', '\0', '\0', '\0', '\0', '\0', '\0', '\0', '1', ''),
(51, 69, 0, '\0', '\0', '\0', '\0', '\0', '\0', '\0', '\0', '\0', '\0', '\0', '\0', '\0', '\0', '\0', '\0', '\0', '1', ''),
(52, 70, 0, '\0', '\0', '\0', '\0', '\0', '\0', '\0', '\0', '\0', '\0', '\0', '\0', '\0', '\0', '\0', '\0', '\0', '1', '');

-- --------------------------------------------------------

--
-- Table structure for table `query_log`
--

CREATE TABLE `query_log` (
  `id` int(100) NOT NULL AUTO_INCREMENT,
  `from_postcode` varchar(10) NOT NULL,
  `from_address` varchar(1024) NOT NULL,
  `to_postcode` varchar(10) NOT NULL,
  `to_address` varchar(1024) NOT NULL,
  `age_group` varchar(20) NOT NULL,
  `mobility_status` varchar(200) NOT NULL,
  `purpose` varchar(200) NOT NULL,
  `timestamp` timestamp NOT NULL DEFAULT CURRENT_TIMESTAMP ON UPDATE CURRENT_TIMESTAMP,
  `is_return` tinyint(1) DEFAULT '0',
  PRIMARY KEY (`id`)
) ENGINE=InnoDB  DEFAULT CHARSET=latin1 AUTO_INCREMENT=56 ;

--
-- Dumping data for table `query_log`
--

INSERT INTO `query_log` (`id`, `from_postcode`, `from_address`, `to_postcode`, `to_address`, `age_group`, `mobility_status`, `purpose`, `timestamp`, `is_return`) VALUES
(7, '', '+uk', '', 'uk', '60 and above', 'Able bodied', 'Health Appointment', '2015-09-18 14:08:38', 0),
(8, '', '+uk', '', 'uk', '55 to 59', 'Able bodied', 'Health Appointment', '2015-09-21 13:57:29', 0),
(9, '', '+uk', '', 'uk', '55 to 59', 'Able bodied', 'Health Appointment', '2015-09-21 13:57:04', 0),
(10, 'AB24 4AL', '1 adsda AB24 4AL Aberdeen uk', 'AB24 5UA', '222 xyz AB24 5UA Aberdeen uk', '60 and above', 'Able bodied', 'Health Appointment', '2015-09-18 14:31:15', 0),
(11, 'AB24 5UA', '222 xyz AB24 5UA Aberdeen uk', 'AB24 4AL', '1 adsda AB24 4AL Aberdeen uk', '60 and above', 'Able bodied', 'Health Appointment', '2015-09-18 14:31:17', 1),
(12, 'AB24 4AJ', '2 a AB24 4AJ Aberdeen uk', 'AB24 4AL', 'a a AB24 4AL Aberdeen uk', '60 and above', 'Able bodied', 'Health Appointment', '2015-09-18 15:12:45', 0),
(13, 'AB24 5UA', 'a 2 AB24 5UA Aberdeen uk', 'AB24 4AL', '2 a AB24 4AL Aberdeen uk', '16 to 21', 'Able bodied', 'Health Appointment', '2015-09-21 13:56:47', 0),
(14, 'AB24 5UA', 'a 2 AB24 5UA Aberdeen uk', 'AB24 4AL', '2 a AB24 4AL Aberdeen uk', '60 and above', 'Able bodied', 'Health Appointment', '2015-09-30 10:00:00', 0),
(15, 'AB24 4AL', '2 a AB24 4AL Aberdeen uk', 'AB24 5UA', 'a 2 AB24 5UA Aberdeen uk', '60 and above', 'Disabled - wheelchair user', 'Health Appointment', '2015-09-21 11:45:28', 1),
(16, 'AB24 5UA', 'a 2 AB24 5UA Aberdeen uk', 'AB24 4AL', '2 a AB24 4AL Aberdeen uk', '22 to 54', 'Able bodied', 'Health Appointment', '2015-09-21 13:56:56', 0),
(17, 'AB24 4AL', '2 a AB24 4AL Aberdeen uk', 'AB24 5UA', 'a 2 AB24 5UA Aberdeen uk', '60 and above', 'Able bodied', 'Health Appointment', '2015-10-02 10:00:00', 1),
(18, 'AB24 4AL', '2 a AB24 4AL Aberdeen uk', 'AB24 5UA', 'a 2 AB24 5UA Aberdeen uk', '55 to 59', 'Able bodied', 'Health Appointment', '2015-09-21 13:57:33', 1),
(19, 'AB24 4AJ', '2 a AB24 4AJ Aberdeen uk', 'AB24 4AL', 'a a AB24 4AL Aberdeen uk', 'under 16', 'Able bodied', 'Health Appointment', '2015-09-18 15:12:45', 0),
(20, 'AB24 5UA', 'a 2 AB24 5UA Aberdeen uk', 'AB24 4AL', '2 a AB24 4AL Aberdeen uk', '55 to 59', 'Able bodied', 'Health Appointment', '2015-07-30 10:00:00', 0),
(21, 'AB11 5QP', '2 palmerston AB11 5QP Aberdeen uk', 'AB16 5GB', '11 davis AB16 5GB Aberdeen uk', '60 and above', 'Disabled - wheelchair user', 'Health Appointment', '2015-09-29 10:00:00', 0),
(22, 'AB16 5GB', 'AB16 5GB Aberdeen uk', 'AB11 5QP', 'AB11 5QP Aberdeen uk', '60 and above', 'Disabled - wheelchair user', 'Health Appointment', '2015-09-21 14:13:00', 1),
(23, 'AB24 4AL', '1 a AB24 4AL Aberdeen uk', 'AB24 5UA', '2 xxx AB24 5UA Aberdeen uk', '60 and above', 'Able bodied', 'Health Appointment', '2015-09-22 09:00:00', 0),
(24, 'AB24 4AL', '1 a AB24 4AL Aberdeen uk', 'AB24 5UA', '2 xxx AB24 5UA Aberdeen uk', '60 and above', 'Able bodied', 'Health Appointment', '2015-09-22 09:00:00', 0),
(25, 'AB24 4AL', '1 a AB24 4AL Aberdeen uk', 'AB24 5UA', '2 xxx AB24 5UA Aberdeen uk', '60 and above', 'Able bodied', 'Health Appointment', '2015-09-22 09:00:00', 0),
(26, 'AB24 4AL', 'a 1 AB24 4AL Aberdeen uk', 'AB24 5UA', '22 xx AB24 5UA Aberdeen uk', '60 and above', 'Able bodied', 'Health Appointment', '2015-09-30 09:00:00', 0),
(27, 'AB24 4AL', 'a 1 AB24 4AL Aberdeen uk', 'AB24 5UA', '22 xx AB24 5UA Aberdeen uk', '60 and above', 'Able bodied', 'Health Appointment', '2015-09-30 09:00:00', 0),
(28, 'AB24 4AL', 'a 1 AB24 4AL Aberdeen uk', 'AB24 5UA', 'x 2 AB24 5UA Aberdeen uk', '60 and above', 'Able bodied', 'Health Appointment', '2015-09-30 09:00:00', 0),
(29, 'AB24 5UD', 'a 1 AB24 5UD Aberdeen uk', 'KY16 9UY', '22x x KY16 9UY Saint Andrews uk', '60 and above', 'Able bodied', 'Health Appointment', '2015-09-30 09:00:00', 0),
(30, 'AB24 5UA', 'a 1 AB24 5UA Aberdeen uk', 'KY16 9UY', 'a x KY16 9UY Saint Andrews uk', '60 and above', 'Able bodied', 'Health Appointment', '2015-09-28 09:00:00', 0),
(31, 'AB24 5UA', 'a 1 AB24 5UA Aberdeen uk', 'KY16 9UY', 'x 2 KY16 9UY Saint Andrews uk', '60 and above', 'Able bodied', 'Health Appointment', '2015-09-28 09:00:00', 0),
(32, 'AB24 5UA', 'a 1 AB24 5UA Aberdeen uk', 'KY16 9UY', 'x 2 KY16 9UY Saint Andrews uk', '60 and above', 'Able bodied', 'Health Appointment', '2015-09-28 09:00:00', 0),
(33, 'KY16 9UY', 'x 2 KY16 9UY Saint Andrews uk', 'AB24 5UA', 'a 1 AB24 5UA Aberdeen uk', '60 and above', 'Able bodied', 'Health Appointment', '2015-09-30 22:00:00', 1),
(34, 'AB24 5UA', 'a x AB24 5UA Aberdeen uk', 'KY16 9UY', '22 s KY16 9UY Saint Andrews uk', '60 and above', 'Able bodied', 'Health Appointment', '2015-09-28 09:00:00', 0),
(35, 'KY16 9UY', '22 s KY16 9UY Saint Andrews uk', 'AB24 5UA', 'a x AB24 5UA Aberdeen uk', '60 and above', 'Able bodied', 'Health Appointment', '2015-09-30 07:00:00', 1),
(36, 'AB24 5UA', 'a1 1 AB24 5UA Aberdeen uk', 'KY16 9UY', 'a 1 KY16 9UY Saint Andrews uk', '60 and above', 'Able bodied', 'Health Appointment', '2015-09-29 09:00:00', 0),
(37, 'AB24 5UA', 'a1 1 AB24 5UA Aberdeen uk', 'KY16 9UY', 'a 1 KY16 9UY Saint Andrews uk', '60 and above', 'Able bodied', 'Health Appointment', '2015-09-29 09:00:00', 0),
(38, 'AB24 5UA', 'a a AB24 5UA Aberdeen uk', 'KY16 9UY', 'a a KY16 9UY Saint Andrews uk', '60 and above', 'Able bodied', 'Health Appointment', '2015-10-08 09:00:00', 0),
(39, 'AB24 5UA', 'a1 a AB24 5UA Aberdeen uk', 'KY16 9UY', 'as asd KY16 9UY Saint Andrews uk', '60 and above', 'Able bodied', 'Health Appointment', '2015-10-15 09:00:00', 0),
(40, 'AB24 5UA', 'a 2 AB24 5UA Aberdeen uk', 'SN5 6PB', 'a s SN5 6PB Swindon uk', '60 and above', 'Able bodied', 'Health Appointment', '2015-10-03 09:00:00', 0),
(41, 'AB24 5UA', 'a 1 AB24 5UA Aberdeen uk', 'KY16 9UY', 'a x KY16 9UY Saint Andrews uk', '60 and above', 'Able bodied', 'Health Appointment', '2015-10-16 13:00:00', 0),
(42, 'AB24 5UA', 'a 1 AB24 5UA Aberdeen uk', 'KY16 9UY', 'x 1 KY16 9UY Saint Andrews uk', '60 and above', 'Able bodied', 'Health Appointment', '2015-10-09 08:00:00', 0),
(43, 'AB24 5UA', 'a 1 AB24 5UA Aberdeen uk', 'KY16 9UY', 'x 1 KY16 9UY Saint Andrews uk', '60 and above', 'Able bodied', 'Health Appointment', '2015-10-09 08:00:00', 0),
(44, 'AB24 5UA', 'a a AB24 5UA Aberdeen uk', 'AB24 4AL', 'a x AB24 4AL Aberdeen uk', '60 and above', 'Able bodied', 'Health Appointment', '2015-09-29 13:00:00', 0),
(45, 'AB24 5UA', 'a 2 AB24 5UA Aberdeen uk', 'KY16 9UY', 's x KY16 9UY Saint Andrews uk', '22 to 54', 'Able bodied', 'Health Appointment', '2015-10-06 13:00:00', 0),
(46, 'KY16 9UY', 'a 2 KY16 9UY Saint Andrews uk', 'AB24 4AL', 'xx 22 AB24 4AL Aberdeen uk', '22 to 54', 'Able bodied', 'Work/Commuting', '2015-10-09 04:00:00', 0),
(47, 'KY16 9UY', 'a 2 KY16 9UY Saint Andrews uk', 'AB25 3SA', 'x2 2 AB25 3SA Aberdeen uk', '55 to 59', 'Mobility impaired - unable to use regular PT', 'Shopping', '2015-10-09 14:00:00', 0),
(48, 'IV32 7HN', '2 Christie Place IV32 7HN Fochabers uk', 'IV30 1SN', '1 hospital IV30 1SN Elgin uk', '60 and above', 'Disabled - wheelchair user', 'Health Appointment', '2015-09-29 13:00:00', 0),
(49, 'IV30 1SN', '1 hospital IV30 1SN Elgin uk', 'IV32 7HN', '2 Christie Place IV32 7HN Fochabers uk', '60 and above', 'Disabled - wheelchair user', 'Health Appointment', '2015-09-30 08:00:00', 1),
(50, 'IV32 7HN', '2 Christie Place IV32 7HN Fochabers uk', 'IV30 1SN', '1 hospital IV30 1SN Elgin uk', '60 and above', 'Disabled - wheelchair user', 'Health Appointment', '2015-09-29 13:00:00', 0),
(51, 'IV30 1SN', '1 hospital IV30 1SN Elgin uk', 'IV32 7HN', '2 Christie Place IV32 7HN Fochabers uk', '60 and above', 'Disabled - wheelchair user', 'Health Appointment', '2015-09-30 08:00:00', 1),
(52, 'IV32 7HN', '2 Christie Place IV32 7HN Fochabers uk', 'IV30 1SN', '1 hospital IV30 1SN Elgin uk', '60 and above', 'Mobility impaired - unable to use regular PT', 'Health Appointment', '2015-09-29 13:00:00', 0),
(53, 'IV30 1SN', '1 hospital IV30 1SN Elgin uk', 'IV32 7HN', '2 Christie Place IV32 7HN Fochabers uk', '60 and above', 'Mobility impaired - unable to use regular PT', 'Health Appointment', '2015-09-30 08:00:00', 1),
(54, 'AB24 5UA', 'a a AB24 5UA Aberdeen uk', 'KY16 9UY', 'a a KY16 9UY Saint Andrews uk', '60 and above', 'Able bodied', 'Health Appointment', '2015-09-29 09:00:00', 0);

-- --------------------------------------------------------

--
-- Table structure for table `roles`
--

CREATE TABLE `roles` (
  `id` int(6) NOT NULL AUTO_INCREMENT,
  `role` varchar(20) NOT NULL,
  PRIMARY KEY (`id`)
) ENGINE=InnoDB  DEFAULT CHARSET=utf8 AUTO_INCREMENT=4 ;

--
-- Dumping data for table `roles`
--

INSERT INTO `roles` (`id`, `role`) VALUES
(1, 'admin'),
(2, 'moderator'),
(3, 'user');

-- --------------------------------------------------------

--
-- Table structure for table `service_not_available_time`
--

CREATE TABLE `service_not_available_time` (
  `id` int(11) NOT NULL AUTO_INCREMENT,
  `operator_id` int(11) NOT NULL,
  `inactiveFrom` date NOT NULL,
  `inactiveTo` date NOT NULL,
  PRIMARY KEY (`id`)
) ENGINE=InnoDB  DEFAULT CHARSET=latin1 AUTO_INCREMENT=40 ;

--
-- Dumping data for table `service_not_available_time`
--

INSERT INTO `service_not_available_time` (`id`, `operator_id`, `inactiveFrom`, `inactiveTo`) VALUES
(1, 53, '2015-05-21', '2015-05-27'),
(2, 53, '2015-06-08', '2015-06-25'),
(3, 53, '2015-07-08', '2015-07-30'),
(4, 54, '2015-05-22', '2015-05-28'),
(5, 54, '2015-06-14', '2015-06-25'),
(6, 54, '2015-07-27', '2015-05-28'),
(7, 64, '2015-12-25', '2015-12-25'),
(34, 69, '2015-09-16', '2015-09-18'),
(35, 69, '2015-09-01', '2015-09-03'),
(39, 37, '2015-09-27', '2015-10-05');

-- --------------------------------------------------------

--
-- Table structure for table `surcharge_age_group`
--

CREATE TABLE `surcharge_age_group` (
  `id` int(11) NOT NULL AUTO_INCREMENT,
  `operator_id` int(11) NOT NULL,
  `under16` bit(1) NOT NULL,
  `under16_surcharge` double NOT NULL,
  `_17to21` bit(1) NOT NULL,
  `_17to21_surcharge` double DEFAULT NULL,
  `_22to54` bit(1) NOT NULL,
  `_22to54_surcharge` double DEFAULT NULL,
  `_55to59` bit(1) NOT NULL,
  `_55to59_surcharge` double DEFAULT NULL,
  `over60` bit(1) NOT NULL,
  `over60_surcharge` double DEFAULT NULL,
  PRIMARY KEY (`id`)
) ENGINE=InnoDB DEFAULT CHARSET=latin1 AUTO_INCREMENT=1 ;

-- --------------------------------------------------------

--
-- Table structure for table `surcharge_distance`
--

CREATE TABLE `surcharge_distance` (
  `id` int(11) NOT NULL AUTO_INCREMENT,
  `operator_id` int(11) NOT NULL,
  PRIMARY KEY (`id`)
) ENGINE=InnoDB DEFAULT CHARSET=latin1 AUTO_INCREMENT=1 ;

-- --------------------------------------------------------

--
-- Table structure for table `surcharge_journey_purpose`
--

CREATE TABLE `surcharge_journey_purpose` (
  `id` int(11) NOT NULL AUTO_INCREMENT,
  `operator_id` int(11) NOT NULL,
  `health_appointment` bit(1) NOT NULL,
  `health_appointment_surcharge` double DEFAULT NULL,
  `social_care` bit(1) NOT NULL,
  `social_care_surcharge` double DEFAULT NULL,
  `shopping` bit(1) NOT NULL,
  `shopping_surcharge` double DEFAULT NULL,
  `leisure_visiting_friends` bit(1) NOT NULL,
  `leisure_visiting_friends_surcharge` double DEFAULT NULL,
  `school_education` bit(1) NOT NULL,
  `school_education_surcharge` double DEFAULT NULL,
  `work_commuting` bit(1) NOT NULL,
  `work_commuting_surcharge` double DEFAULT NULL,
  `other_purpose` bit(1) NOT NULL,
  `other_purpose_surcharge` double DEFAULT NULL,
  PRIMARY KEY (`id`)
) ENGINE=InnoDB  DEFAULT CHARSET=latin1 AUTO_INCREMENT=19 ;

--
-- Dumping data for table `surcharge_journey_purpose`
--

INSERT INTO `surcharge_journey_purpose` (`id`, `operator_id`, `health_appointment`, `health_appointment_surcharge`, `social_care`, `social_care_surcharge`, `shopping`, `shopping_surcharge`, `leisure_visiting_friends`, `leisure_visiting_friends_surcharge`, `school_education`, `school_education_surcharge`, `work_commuting`, `work_commuting_surcharge`, `other_purpose`, `other_purpose_surcharge`) VALUES
(14, 1, '\0', 0, '\0', 0, '\0', 0, '\0', 0, '\0', 0, '\0', 0, '\0', 0),
(15, 3, '\0', 0, '\0', 0, '\0', 0, '\0', 0, '\0', 0, '\0', 0, '\0', 0),
(16, 4, '\0', 0, '\0', 0, '\0', 0, '\0', 0, '\0', 0, '\0', 0, '\0', 0),
(17, 5, '\0', 0, '\0', 0, '\0', 0, '\0', 0, '\0', 0, '\0', 0, '\0', 0),
(18, 6, '', 3, '', 3, '', 3, '', 3, '\0', 0, '\0', 0, '\0', 0);

-- --------------------------------------------------------

--
-- Table structure for table `surcharge_mileage_bands`
--

CREATE TABLE `surcharge_mileage_bands` (
  `id` int(11) NOT NULL AUTO_INCREMENT,
  `surcharge_distance_id` int(11) NOT NULL,
  `mile_1` double DEFAULT NULL,
  `mile_2` double DEFAULT NULL,
  `type` varchar(20) DEFAULT NULL,
  `surcharge` double DEFAULT NULL,
  PRIMARY KEY (`id`)
) ENGINE=InnoDB DEFAULT CHARSET=latin1 AUTO_INCREMENT=1 ;

-- --------------------------------------------------------

--
-- Table structure for table `surcharge_mobility_status`
--

CREATE TABLE `surcharge_mobility_status` (
  `id` int(11) NOT NULL AUTO_INCREMENT,
  `operator_id` int(11) NOT NULL,
  `able_bodied` bit(1) NOT NULL,
  `able_bodied_surcharge` double DEFAULT NULL,
  `mobility_prevents_use_of_PT` bit(1) NOT NULL,
  `mobility_prevents_use_of_PT_surcharge` double DEFAULT NULL,
  `disable_wheelchair_user` bit(1) NOT NULL,
  `disable_wheelchair_user_surcharge` double DEFAULT NULL,
  `disable_other` bit(1) NOT NULL,
  `disable_other_surcharge` double DEFAULT NULL,
  PRIMARY KEY (`id`)
) ENGINE=InnoDB DEFAULT CHARSET=latin1 AUTO_INCREMENT=1 ;

-- --------------------------------------------------------

--
-- Table structure for table `surcharge_operating_time`
--

CREATE TABLE `surcharge_operating_time` (
  `id` int(11) NOT NULL AUTO_INCREMENT,
  `operator_id` int(11) NOT NULL,
  `start_05_hours_earlier` bit(1) NOT NULL,
  `start_05_hours_earlier_surcharge` double DEFAULT NULL,
  `start_1_hour_earlier` bit(1) NOT NULL,
  `start_1_hour_earlier_surcharge` double DEFAULT NULL,
  `start_15_hours_earlier` bit(1) NOT NULL,
  `start_15_hours_earlier_surcharge` double DEFAULT NULL,
  `finish_05_hours_later` bit(1) NOT NULL,
  `finish_05_hours_later_surcharge` double DEFAULT NULL,
  `finish_1_hour_later` bit(1) NOT NULL,
  `finish_1_hour_later_surcharge` double DEFAULT NULL,
  `finish_15_hours_later` bit(1) NOT NULL,
  `finish_15_hours_later_surcharge` double DEFAULT NULL,
  PRIMARY KEY (`id`)
) ENGINE=InnoDB DEFAULT CHARSET=latin1 AUTO_INCREMENT=1 ;

-- --------------------------------------------------------

--
-- Table structure for table `users`
--

CREATE TABLE `users` (
  `id` int(6) NOT NULL AUTO_INCREMENT,
  `username` varchar(20) CHARACTER SET latin1 COLLATE latin1_general_cs NOT NULL,
  `password` varchar(20) CHARACTER SET latin1 COLLATE latin1_general_cs NOT NULL,
  `enabled` int(1) DEFAULT '1',
  `fname` varchar(45) DEFAULT NULL,
  `lname` varchar(45) DEFAULT NULL,
  `email` varchar(45) DEFAULT NULL,
  `phone_number` varchar(45) DEFAULT NULL,
  PRIMARY KEY (`id`)
) ENGINE=InnoDB  DEFAULT CHARSET=utf8 AUTO_INCREMENT=26 ;

--
-- Dumping data for table `users`
--

INSERT INTO `users` (`id`, `username`, `password`, `enabled`, `fname`, `lname`, `email`, `phone_number`) VALUES
(1, 'moder', 'dotrural', 1, NULL, NULL, NULL, NULL),
(2, 'admin', 'abcde12345', 1, NULL, NULL, NULL, NULL),
(3, 'cheng', '123456', 1, NULL, NULL, 'c.zeng@abdn.ac.uk', NULL),
(4, 'david', '123456', 1, NULL, NULL, 'c.zeng@abdn.ac.uk', NULL),
(5, 'richard', '123456', 1, NULL, NULL, NULL, NULL),
(14, 'chengtest', '123456', 1, NULL, NULL, NULL, NULL),
(15, 'chengtest2', '123456', 1, NULL, NULL, NULL, NULL),
(16, 'chengtestemail', '123456', 1, 'Cheng', 'Zeng', 'c.zeng@abdn.ac.uk', ''),
(17, 'chengtestsuc', '123456', 1, 'Cheng2', 'Zeng2', 'c.zeng@abdn.ac.uk', ''),
(18, 'chengtestname', '123456', 1, 'Cheng2', 'Zeng2', 'c.zeng@abdn.ac.uk', '+441224274648'),
(19, 'chengtestname2', '123', 1, 'Cheng2', 'Zeng2', 'c.zeng@abdn.ac.uk', '+441224274648'),
(20, 'chengtestname3', '123', 1, 'Cheng2', 'Zeng2', 'c.zeng@abdn.ac.uk', '+441224274648'),
(21, 'chengtest3', '123456', 1, 'Cheng', 'Zeng', 'c.zeng@abdn.ac.uk', ''),
(22, 'laura', '123456', 1, 'Laura', 'Lee', 'l.lee@somewhere.com', ''),
(23, 'chengtest4', '123456', 1, 'Cheng', 'Zeng', 'c.zeng@abdn.ac.uk', ''),
(24, 'testuser', '1234', 0, 'a77', 'asda', 'test@test1.com', '22'),
(25, 'mmehdi', '123456', 1, 'Mujtaba', 'Mehdi', 'mmehdi@abdn.ac.uk', '123456');

-- --------------------------------------------------------

--
-- Table structure for table `user_roles`
--

CREATE TABLE `user_roles` (
  `user_id` int(11) NOT NULL,
  `role_id` varchar(45) NOT NULL,
  PRIMARY KEY (`user_id`)
) ENGINE=InnoDB DEFAULT CHARSET=latin1;

--
-- Dumping data for table `user_roles`
--

INSERT INTO `user_roles` (`user_id`, `role_id`) VALUES
(1, '1'),
(2, '1'),
(3, '1'),
(4, '1'),
(14, '3'),
(15, '3'),
(16, '3'),
(17, '3'),
(18, '3'),
(19, '3'),
(20, '3'),
(21, '3'),
(22, '3'),
(23, '3'),
(24, '1'),
(25, '1');

-- --------------------------------------------------------

--
-- Table structure for table `vehicle`
--

CREATE TABLE `vehicle` (
  `id` int(11) NOT NULL AUTO_INCREMENT,
  `vehicle_type` varchar(45) NOT NULL,
  `description` varchar(45) DEFAULT NULL,
  `reg_num` varchar(45) NOT NULL,
  `operator_id` int(11) NOT NULL,
  PRIMARY KEY (`id`)
) ENGINE=InnoDB  DEFAULT CHARSET=latin1 AUTO_INCREMENT=141 ;

--
-- Dumping data for table `vehicle`
--

INSERT INTO `vehicle` (`id`, `vehicle_type`, `description`, `reg_num`, `operator_id`) VALUES
(7, 'pickup Van', 'pickup Van', 'rn0932282121', 36),
(10, 'pickup Van', 'pickup Van', 'rn0932282123', 38),
(11, 'pickup Van', 'pickup Van', 'rn0932282124', 39),
(12, 'pickup Van', 'pickup Van', 'rn0932282125', 40),
(13, 'pickup Van', 'pickup Van', 'rn0932282126', 41),
(14, 'pickup Van', 'pickup Van', 'rn0932282127', 42),
(16, 'pickup Van', 'pickup Van', 'rn0932282134', 0),
(17, 'pickup Van', 'pickup Van', 'rn0932282134', 0),
(18, 'pickup Van', 'pickup Van', 'rn0932382122', 0),
(19, 'pickup Van', 'pickup Van', '', 0),
(20, 'pickup Van', 'pickup Van', '', 0),
(21, 'pickup Van', 'pickup Van', '', 0),
(22, 'pickup Van', 'pickup Van', '', 0),
(23, 'pickup Van', 'pickup Van', 'rn0932282122', 0),
(24, 'pickup Van', 'pickup Van', '', 0),
(25, 'other', 'minibus', 'rn0932282122', 0),
(26, 'pickup Van', 'pickup Van', 'rn0932282121', 0),
(27, 'minibus', 'minibus', 'rn0932282123', 0),
(28, 'other', 'Wheelchair Accessible Car', '', 0),
(29, 'pickup Van', 'pickup Van', '', 0),
(30, 'minibus', 'minibus', 'mx2211', 0),
(31, 'pickup Van', 'pickup Van', '', 0),
(32, 'pickup Van', 'pickup Van', '12121', 0),
(33, 'pickup Van', 'pickup Van', '1232', 0),
(34, 'minibus', 'minibus', '1231xxs', 0),
(35, 'pickup Van', 'pickup Van', '', 0),
(36, 'pickup Van', 'pickup Van', '', 0),
(37, 'other', 'my van', 'rn0932xx', 0),
(120, 'minibus', 'minibus', '11aa', 68),
(124, 'pickup Van', 'pickup Van', '', 70),
(133, 'pickup Van', 'pickup Van', '', 69),
(139, 'bike', 'bike', 'mmx99s', 37),
(140, 'pickup Van', 'pickup Van', 'rn0932282128', 43);
